file,category,keyword,page,excerpt
Alabama-Course-of-Study-Social-Studies_2024pdf.pdf,Antisemitism,Antisemitism,78,"...Spanish Inquisition, and the establishment of the Ottoman Empire. Examples: [antisemitism,] collapse of the Byzantine Empire, rise of the Christian kingdoms..."
Alabama-Course-of-Study-Social-Studies_2024pdf.pdf,Antisemitism,Antisemitism,78,"...Spanish Inquisition, and the establishment of the Ottoman Empire. Examples: [antisemitism,] collapse of the Byzantine Empire, rise of the Christian kingdoms..."
Alabama-Course-of-Study-Social-Studies_2024pdf.pdf,Antisemitism,Antisemitism,87,...and 1945. 11a Describe how the Nazis built upon historical [antisemitism] to dehumanize Jewish people and frame them as the enemy...
Alabama-Course-of-Study-Social-Studies_2024pdf.pdf,Antisemitism,Antisemitism,87,...and 1945. 11a Describe how the Nazis built upon historical [antisemitism] to dehumanize Jewish people and frame them as the enemy...
Alabama-Course-of-Study-Social-Studies_2024pdf.pdf,Antisemitism,Antisemitism,106,"...Klux Klan, rise of nativist thinking, the Red Scare, and [antisemitism.] Examples: anarchists, Immigration Act of 1924, Palmer Raids, Sacco and..."
Alabama-Course-of-Study-Social-Studies_2024pdf.pdf,Antisemitism,Antisemitism,106,"...Klux Klan, rise of nativist thinking, the Red Scare, and [antisemitism.] Examples: anarchists, Immigration Act of 1924, Palmer Raids, Sacco and..."
Alabama-Course-of-Study-Social-Studies_2024pdf.pdf,Antisemitism,Antisemitism,151,"...begins with a contextualization of the origins and impact of [antisemitism,] then examines the rise of Adolf Hitler and the Nazi..."
Alabama-Course-of-Study-Social-Studies_2024pdf.pdf,Antisemitism,Antisemitism,151,...and exploration of the concept of genocide. Course Topics: 1. [Antisemitism] and Pre-War Jewish Life 2. The Rise of Hitler and...
Alabama-Course-of-Study-Social-Studies_2024pdf.pdf,Antisemitism,Antisemitism,151,"...begins with a contextualization of the origins and impact of [antisemitism,] then examines the rise of Adolf Hitler and the Nazi..."
Alabama-Course-of-Study-Social-Studies_2024pdf.pdf,Antisemitism,Antisemitism,151,...and exploration of the concept of genocide. Course Topics: 1. [Antisemitism] and Pre-War Jewish Life 2. The Rise of Hitler and...
Alabama-Course-of-Study-Social-Studies_2024pdf.pdf,Antisemitism,Antisemitism,153,...half-credit course. Each content standard completes the stem “Students will…” [ANTISEMITISM] AND PRE-WAR JEWISH LIFE 1 Defend the definition of the...
Alabama-Course-of-Study-Social-Studies_2024pdf.pdf,Antisemitism,Antisemitism,153,...1933 and 1945.* 2 Explain the origins and history of [antisemitism.*] 2a Identify core practices and tenets within historical and modern...
Alabama-Course-of-Study-Social-Studies_2024pdf.pdf,Antisemitism,Antisemitism,153,...Analyze how the Nazi regime utilized and built on historical [antisemitism] to cast the Jewish people as a common enemy.* 2c...
Alabama-Course-of-Study-Social-Studies_2024pdf.pdf,Antisemitism,Antisemitism,153,...people as a common enemy.* 2c Trace the intensification of [antisemitism] in the United States during the early twentieth century. Examples:...
Alabama-Course-of-Study-Social-Studies_2024pdf.pdf,Antisemitism,Antisemitism,153,...half-credit course. Each content standard completes the stem “Students will…” [ANTISEMITISM] AND PRE-WAR JEWISH LIFE 1 Defend the definition of the...
Alabama-Course-of-Study-Social-Studies_2024pdf.pdf,Antisemitism,Antisemitism,153,...1933 and 1945.* 2 Explain the origins and history of [antisemitism.*] 2a Identify core practices and tenets within historical and modern...
Alabama-Course-of-Study-Social-Studies_2024pdf.pdf,Antisemitism,Antisemitism,153,...Analyze how the Nazi regime utilized and built on historical [antisemitism] to cast the Jewish people as a common enemy.* 2c...
Alabama-Course-of-Study-Social-Studies_2024pdf.pdf,Antisemitism,Antisemitism,153,...people as a common enemy.* 2c Trace the intensification of [antisemitism] in the United States during the early twentieth century. Examples:...
Alabama-Course-of-Study-Social-Studies_2024pdf.pdf,Antisemitism,Antisemitism,154,"...(Nazi Party), and explain how the Nazis appropriated and manipulated [antisemitism] to their party’s advantage.* 4b Describe the Weimar Republic and..."
Alabama-Course-of-Study-Social-Studies_2024pdf.pdf,Antisemitism,Antisemitism,154,...sterilization and other eugenics practices. 6c Assess how the Nazis’ [antisemitism] and racial beliefs influenced their foreign policy.* NAZI ANTISEMITIC AND...
Alabama-Course-of-Study-Social-Studies_2024pdf.pdf,Antisemitism,Antisemitism,154,"...(Nazi Party), and explain how the Nazis appropriated and manipulated [antisemitism] to their party’s advantage.* 4b Describe the Weimar Republic and..."
Alabama-Course-of-Study-Social-Studies_2024pdf.pdf,Antisemitism,Antisemitism,154,...sterilization and other eugenics practices. 6c Assess how the Nazis’ [antisemitism] and racial beliefs influenced their foreign policy.* NAZI ANTISEMITIC AND...
Alabama-Course-of-Study-Social-Studies_2024pdf.pdf,Belief,Belief,59,...colonies and Great Britain. 7a Develop an argument defending the [belief] that the French and Indian War served as a defining...
Alabama-Course-of-Study-Social-Studies_2024pdf.pdf,Belief,Belief,60,...explain how they have been presented in significant statements of [belief] throughout United States history to the present. Examples: Elizabeth Cady...
Alabama-Course-of-Study-Social-Studies_2024pdf.pdf,Belief,Belief,144,"...Identify and describe essential aspects of culture, including architecture, art, [belief] systems, customs, food, languages, religion, technology, and traditions. Examples: a..."
Alask History Standards.pdf,Belief,Belief,1,"...that cultural elements, including language, literature, the arts, customs, and [belief] systems, reflect the ideas and attitudes of a specific time..."
Arizon SS Standards 2019.pdf,Belief,Belief,17,...change of civilizations and cultures ● Societal institutions and their [belief] systems DISCIPLINARY SKILLS AND PROCESSES Chronological reasoning requires understanding processes...
Arizon SS Standards 2019.pdf,Belief,Belief,19,...modern world. ● 2.H3.1 Generate questions about the institutions and [belief] systems of different societies. • Key concepts include but are...
Arizon SS Standards 2019.pdf,Belief,Belief,48,"...not limited to the following topics of study: • World [Belief] Systems including but not limited to Buddhism, Christianity, Confucianism, Hinduism,..."
Arizon SS Standards 2019.pdf,Belief,Belief,53,...impact of cultural diffusion. • HS.H1.5 Explain how religions and [belief] systems have affected the origins of societies. • HS.H1.6 Analyze...
Arizon SS Standards 2019.pdf,Belief,Belief,53,"...needs and changes. • HS.H3.2 Analyze how ideologies, religion, and [belief] systems have influenced economic, political, and social institutions over time...."
California HSS Standards 1998.pdf,Belief,Belief,31,"...and central beliefs of Judaism (the Hebrew Bible, the Commentaries): [belief] in God, observance of law, practice of the concepts of..."
California HSS Standards 1998.pdf,Belief,Belief,33,"...Apostle to the definition and spread of Christian beliefs (e.g., [belief] in the Trinity, resurrection, salvation). 7. Describe the circumstances that..."
California HSS Standards 1998.pdf,Belief,Belief,34,"...of kings, experimen­ talism in science, and the dogma of [belief.] Finally, students assess the political forces let loose by the..."
Colorado 2020 Social Studies - Academic Standards.pdf,Belief,Belief,101,...time a matter of perspective? government. 4. What if the [belief] “all men are created equal” had not been written in...
Alabama-Course-of-Study-Social-Studies_2024pdf.pdf,Bible,Bible,78,"...with both religious reformers and secular authorities. Examples: indulgences, Latin [Bible] and Mass, simony, Western Schism and conciliarism 10b Describe the..."
Alabama-Course-of-Study-Social-Studies_2024pdf.pdf,Bible,Bible,78,"...and the Bohemian Revolution, John Wyclif and translations of the [Bible] 10c Summarize responses to the Reformation, including the Counter-Reformation, English..."
California HSS Standards 1998.pdf,Bible,Bible,31,"...the ethical teachings and central beliefs of Judaism (the Hebrew [Bible,] the Commentaries): belief in God, observance of law, practice of..."
California HSS Standards 1998.pdf,Bible,Bible,38,"...information (e.g., the ability to manufacture paper, translation of the [Bible] into the vernacular, printing). 5. Detail advances made in literature,..."
Alabama-Course-of-Study-Social-Studies_2024pdf.pdf,Buddha,Buddha,76,"...(shinbutsu shūgō); Khmer Empire and spread of Hindu, Buddhist, and [Shiva-Buddha] traditions and their fusion with indigenous traditions 2024 Alabama Course..."
California HSS Standards 1998.pdf,Buddha,Buddha,32,"...caste system. 5. Know the life and moral teachings of [Buddha] and how Buddhism spread in India, Ceylon, and Central Asia...."
Alabama-Course-of-Study-Social-Studies_2024pdf.pdf,Buddhism,Buddhism,70,"...of civilization in the region. 12c Trace the development of [Buddhism,] including the contributions of Emperor Ashoka, and explain how Buddhism..."
Alabama-Course-of-Study-Social-Studies_2024pdf.pdf,Buddhism,Buddhism,70,"...Buddhism, including the contributions of Emperor Ashoka, and explain how [Buddhism] influenced society in Classical India. Examples: Buddhist missionaries, construction of..."
Alabama-Course-of-Study-Social-Studies_2024pdf.pdf,Buddhism,Buddhism,76,"...the evolution of religion in Asia, including the growth of [Buddhism,] Hinduism, Jainism, and Sikhism. Examples: Bhakti movement; Delhi Sultanate and..."
Alabama-Course-of-Study-Social-Studies_2024pdf.pdf,Buddhism,Buddhism,76,"...Bhakti movement; Delhi Sultanate and spread of Islam; intertwining of [Buddhism] and Shintoism (shinbutsu shūgō); Khmer Empire and spread of Hindu,..."
Alabama-Course-of-Study-Social-Studies_2024pdf.pdf,Buddhism,Buddhism,80,"...suppression of Christianity, emergence of Confucian Shinto, influence of Zen [Buddhism] 16c Compare the policies of absolutism and social structures of..."
Arizon SS Standards 2019.pdf,Buddhism,Buddhism,32,"...River Valley • World religions including, but not limited to [Buddhism,] Christianity, Confucianism, Hinduism, Islam, Judaism, Shintoism, Sikhism, and Taoism, (origins,..."
Arizon SS Standards 2019.pdf,Buddhism,Buddhism,35,"...economic, and social identity. • Key world religions such as [Buddhism,] Christianity, Confucianism, Hinduism, Islam, Judaism, Shintoism, Sikhism, and Taoism ●..."
Arizon SS Standards 2019.pdf,Buddhism,Buddhism,48,"...study: • World Belief Systems including but not limited to [Buddhism,] Christianity, Confucianism, Hinduism, Islam, Judaism, Shintoism, Sikhism, Taoism, and as..."
California HSS Standards 1998.pdf,Buddhism,Buddhism,32,"...Know the life and moral teachings of Buddha and how [Buddhism] spread in India, Ceylon, and Central Asia. 6. Describe the..."
California HSS Standards 1998.pdf,Buddhism,Buddhism,33,...Roman Empire and their locations. 8. Describe the diffusion of [Buddhism] northward to China during the Han Dynasty. 6.7 Students analyze...
California HSS Standards 1998.pdf,Buddhism,Buddhism,35,"...under the Tang Dynasty and reasons for the spread of [Buddhism] in Tang China, Korea, and Japan. 2. Describe agricultural, technological,..."
California HSS Standards 1998.pdf,Buddhism,Buddhism,36,...century. 4. Trace the development of distinctive forms of Japanese [Buddhism.] 5. Study the ninth and tenth centuries’ golden age of...
Colorado 2020 Social Studies - Academic Standards.pdf,Buddhism,Buddhism,103,"...religions. For example: the Enlightenment, the development and expansion of [Buddhism,] Christianity, Hinduism, Islam, Judaism, Sikhism, and Taoism. f. Investigate the..."
Alabama-Course-of-Study-Social-Studies_2024pdf.pdf,Buddhist,Buddhist,70,"...and explain how Buddhism influenced society in Classical India. Examples: [Buddhist] missionaries, construction of stupas 13 Explain the emergence and consolidation..."
Alabama-Course-of-Study-Social-Studies_2024pdf.pdf,Buddhist,Buddhist,76,"...and Shintoism (shinbutsu shūgō); Khmer Empire and spread of Hindu, [Buddhist,] and Shiva-Buddha traditions and their fusion with indigenous traditions 2024..."
Connecticu socialstudiesframeworks2015.pdf,Buddhist,Buddhist,82,"...adoption program in China) • Defining Regions (Religious Representations: Christian, [Buddhist,] Muslim) Themes and regions are listed in a recommended order,..."
Alabama-Course-of-Study-Social-Studies_2024pdf.pdf,Caste,Caste,70,...Gupta Empire. 12a Summarize how Hinduism as well as a [caste] system emerged from different religious beliefs and schools of philosophy....
California HSS Standards 1998.pdf,Caste,Caste,32,...into early Hinduism. 4. Outline the social structure of the [caste] system. 5. Know the life and moral teachings of Buddha...
Alabama-Course-of-Study-Social-Studies_2024pdf.pdf,Catholic,Catholic,75,"...Mediterranean region and outline the organizational structure of the early [Catholic] Church, including the roles of the Bishop of Rome and..."
Alabama-Course-of-Study-Social-Studies_2024pdf.pdf,Catholic,Catholic,77,"...Viking societies in Scandinavia 7b Analyze the relationship of the [Catholic] Church to economic, political, and social systems and rulers in..."
Alabama-Course-of-Study-Social-Studies_2024pdf.pdf,Catholic,Catholic,78,...Europe. 10a Summarize the policies and practices within the Roman [Catholic] Church that led to conflict with both religious reformers and...
California HSS Standards 1998.pdf,Catholic,Catholic,34,"...development of two distinct European civilizations, Eastern Orthodox and Roman [Catholic,] and their two distinct views on church-state relations. 27 California..."
California HSS Standards 1998.pdf,Catholic,Catholic,37,"...impact on global population. 8. Understand the importance of the [Catholic] church as a political, intellectual, and aesthetic institution (e.g., founding..."
California HSS Standards 1998.pdf,Catholic,Catholic,38,"...causes for the internal turmoil in and weakening of the [Catholic] church (e.g., tax policies, selling of indulgences). 2. Describe the..."
California HSS Standards 1998.pdf,Catholic,Catholic,38,...federalism. 4. Identify and locate the European regions that remained [Catholic] and those that be­ came Protestant and explain how the...
California HSS Standards 1998.pdf,Catholic,Catholic,38,"...the New World. 5. Analyze how the Counter-Reformation revitalized the [Catholic] church and the forces that fostered the movement (e.g., St...."
California HSS Standards 1998.pdf,Catholic,Catholic,55,"...religious intolerance in the United States (e.g., persecution of Mormons, [anti-Catholic] sentiment, anti-Semitism). California Department of Education Created May 18, 2000"
Alabama-Course-of-Study-Social-Studies_2024pdf.pdf,Christian,Christian,9,"...Reynolds, Associate Professor, Samford University; Lesa Roberts, Curriculum Director, Whitesburg [Christian] Academy; Samuel Robison, Teacher, Smiths Station Junior High School; Harold..."
Alabama-Course-of-Study-Social-Studies_2024pdf.pdf,Christian,Christian,52,"...Nonviolent Coordinating Committee, Martin Luther King, Jr. and the Southern [Christian] Leadership Conference 12a Describe ways in which the Civil Rights..."
Alabama-Course-of-Study-Social-Studies_2024pdf.pdf,Christian,Christian,58,"...for establishing colonies. Examples: John Winthrop and “A Model of [Christian] Charity,” Lord Baltimore (Cecil Calvert) and Maryland, Moravians, William Penn..."
Alabama-Course-of-Study-Social-Studies_2024pdf.pdf,Christian,Christian,78,"...Examples: antisemitism, collapse of the Byzantine Empire, rise of the [Christian] kingdoms on the Iberian Peninsula, solidification of the Spanish kingdom..."
Alabama-Course-of-Study-Social-Studies_2024pdf.pdf,Christian,Christian,85,"...John Stuart Mill, Karl Marx, and Robert Owen. Examples: anarchism, [Christian] socialism, The Communist Manifesto, David Ricardo and labor theory of..."
Alabama-Course-of-Study-Social-Studies_2024pdf.pdf,Christian,Christian,99,"...and the Pacific Islands in the late nineteenth century. Examples: [Christian] missionaries, establishment of overseas markets, purchase of Alaska, Robert Shufeldt’s..."
Alabama-Course-of-Study-Social-Studies_2024pdf.pdf,Christian,Christian,101,"...Willard, Mary Church Terrell, National American Woman Suffrage Association, Woman’s [Christian] Temperance Union, women’s club movement 19 Describe the emergence of..."
Alabama-Course-of-Study-Social-Studies_2024pdf.pdf,Christian,Christian,109,"...Height, Joseph H. Jackson, Robert F. Williams; organizations - Alabama [Christian] Movement for Human Rights (ACMHR), Congress of Racial Equality (CORE),..."
Alabama-Course-of-Study-Social-Studies_2024pdf.pdf,Christian,Christian,109,"...National Association for the Advancement of Colored People (NAACP), Southern [Christian] Leadership Conference (SCLC), Student Nonviolent Coordinating Committee (SNCC) 10d Summarize..."
California HSS Standards 1998.pdf,Christian,Christian,23,"...came. Students learn about the colonial government founded on Judeo- [Christian] principles, the ideals of the Enlightenment, and the English traditions..."
California HSS Standards 1998.pdf,Christian,Christian,33,"...St. Paul the Apostle to the definition and spread of [Christian] beliefs (e.g., belief in the Trinity, resurrection, salvation). 7. Describe..."
California HSS Standards 1998.pdf,Christian,Christian,37,"...religious texts, St. Thomas Aquinas’s synthesis of classical philosophy with [Christian] theology, and the concept of “natural law”). 9. Know the..."
California HSS Standards 1998.pdf,Christian,Christian,40,"...the development of America’s democratic institutions founded on the Judeo- [Christian] heritage and English parliamentary traditions, particularly the shaping of the..."
California HSS Standards 1998.pdf,Christian,Christian,49,"...Western political thought. 1. Analyze the similarities and differences in [Judeo-Christian] and Greco-Roman views of law, reason and faith, and duties..."
California HSS Standards 1998.pdf,Christian,Christian,55,"...Civil War revivals, the Social Gospel Movement, the rise of [Christian] liberal theology in the nineteenth century, the impact of the..."
California HSS Standards 1998.pdf,Christian,Christian,55,"...impact of the Second Vatican Council, and the rise of [Christian] funda­ mentalism in current times. 3. Cite incidences of religious..."
Connecticu socialstudiesframeworks2015.pdf,Christian,Christian,82,"...(child adoption program in China) • Defining Regions (Religious Representations: [Christian,] Buddhist, Muslim) Themes and regions are listed in a recommended..."
Alabama-Course-of-Study-Social-Studies_2024pdf.pdf,Christianity,Christianity,72,"...rule of law 16b Describe the founding and development of [Christianity,] including the roles of Jesus of Nazareth and Paul of..."
Alabama-Course-of-Study-Social-Studies_2024pdf.pdf,Christianity,Christianity,75,...of the Western Roman Empire. 1a Trace the spread of [Christianity] in Europe and the wider Mediterranean region and outline the...
Alabama-Course-of-Study-Social-Studies_2024pdf.pdf,Christianity,Christianity,76,...factors leading to the separation of Eastern Orthodoxy and Western [Christianity] and explain how the Orthodox Church influenced society and culture...
Alabama-Course-of-Study-Social-Studies_2024pdf.pdf,Christianity,Christianity,77,"...culture, language, and religion among African civilizations. Examples: Ethiopia and [Christianity,] role of griots, trade with North Africa and spread of..."
Alabama-Course-of-Study-Social-Studies_2024pdf.pdf,Christianity,Christianity,80,"...on Japanese society and politics. Examples: acceptance and suppression of [Christianity,] emergence of Confucian Shinto, influence of Zen Buddhism 16c Compare..."
Alabama-Course-of-Study-Social-Studies_2024pdf.pdf,Christianity,Christianity,80,"...to earlier eras and movements, including Classical Greece and Rome, [Christianity,] the Renaissance, the Reformation, and the Scientific Revolution. 2024 Alabama..."
Arizon SS Standards 2019.pdf,Christianity,Christianity,32,"...Valley • World religions including, but not limited to Buddhism, [Christianity,] Confucianism, Hinduism, Islam, Judaism, Shintoism, Sikhism, and Taoism, (origins, founders,..."
Arizon SS Standards 2019.pdf,Christianity,Christianity,35,"...and social identity. • Key world religions such as Buddhism, [Christianity,] Confucianism, Hinduism, Islam, Judaism, Shintoism, Sikhism, and Taoism ● 6.H3.3..."
Arizon SS Standards 2019.pdf,Christianity,Christianity,48,"...• World Belief Systems including but not limited to Buddhism, [Christianity,] Confucianism, Hinduism, Islam, Judaism, Shintoism, Sikhism, Taoism, and as well..."
California HSS Standards 1998.pdf,Christianity,Christianity,33,"...right to live in Jerusalem. 6. Note the origins of [Christianity] in the Jewish Messianic prophecies, the life and teach­ ings..."
California HSS Standards 1998.pdf,Christianity,Christianity,33,...7. Describe the circumstances that led to the spread of [Christianity] in Europe and other Roman territories. 8. Discuss the legacies...
California HSS Standards 1998.pdf,Christianity,Christianity,34,"...Roman art, architecture, engineering, and philosophy; preservation and transmission of [Christianity)] and its ultimate internal weaknesses (e.g., rise of autonomous military..."
California HSS Standards 1998.pdf,Christianity,Christianity,35,"...Muhammad, including Islamic teachings on the connection with Judaism and [Christianity.] 3. Explain the significance of the Qur’an and the Sunnah..."
California HSS Standards 1998.pdf,Christianity,Christianity,36,...of life in Medieval Europe. 2. Describe the spread of [Christianity] north of the Alps and the roles played by the...
California HSS Standards 1998.pdf,Christianity,Christianity,38,...Trent). 6. Understand the institution and impact of missionaries on [Christianity] and the diffu­ sion of Christianity from Europe to other...
California HSS Standards 1998.pdf,Christianity,Christianity,38,...impact of missionaries on Christianity and the diffu­ sion of [Christianity] from Europe to other parts of the world in the...
California HSS Standards 1998.pdf,Christianity,Christianity,39,"...and the Scientific Revolution and to the Greeks, Romans, and [Christianity.] 5. Describe how democratic thought and institutions were influenced by..."
California HSS Standards 1998.pdf,Christianity,Christianity,49,"...in ancient Greek and Roman philosophy, in Judaism, and in [Christianity] to the development of Western political thought. 1. Analyze the..."
Colorado 2020 Social Studies - Academic Standards.pdf,Christianity,Christianity,103,"...For example: the Enlightenment, the development and expansion of Buddhism, [Christianity,] Hinduism, Islam, Judaism, Sikhism, and Taoism. f. Investigate the historical..."
Alabama-Course-of-Study-Social-Studies_2024pdf.pdf,Church,Church,52,"...the Civil Rights Movement sought to create change. Examples: boycotts, [church] meetings, school desegregation, sit-ins, tenant farmers’ strike, voting rights protests..."
Alabama-Course-of-Study-Social-Studies_2024pdf.pdf,Church,Church,52,"...Examples: Bloody Sunday, Bloody Tuesday, bombing of 16th Street Baptist [Church,] Dynamite Hill, Massive Resistance, Stand in the Schoolhouse Door 12e..."
Alabama-Course-of-Study-Social-Studies_2024pdf.pdf,Church,Church,75,"...region and outline the organizational structure of the early Catholic [Church,] including the roles of the Bishop of Rome and Councils..."
Alabama-Course-of-Study-Social-Studies_2024pdf.pdf,Church,Church,76,...Eastern Orthodoxy and Western Christianity and explain how the Orthodox [Church] influenced society and culture in Eastern Europe and Central Asia....
Alabama-Course-of-Study-Social-Studies_2024pdf.pdf,Church,Church,77,"...societies in Scandinavia 7b Analyze the relationship of the Catholic [Church] to economic, political, and social systems and rulers in medieval..."
Alabama-Course-of-Study-Social-Studies_2024pdf.pdf,Church,Church,78,...10a Summarize the policies and practices within the Roman Catholic [Church] that led to conflict with both religious reformers and secular...
Alabama-Course-of-Study-Social-Studies_2024pdf.pdf,Church,Church,97,"...codes. Examples: Amistad Mutiny, breaking tools, German Coast Uprising, invisible [church,] Nat Turner’s Rebellion, self-emancipation 10b Describe the rise of religious..."
Alabama-Course-of-Study-Social-Studies_2024pdf.pdf,Church,Church,97,"...this fostered schisms within American churches. Examples: African Methodist Episcopal [Church,] Baptist and Methodist sectional splits 10c Identify leading abolitionists, including..."
Alabama-Course-of-Study-Social-Studies_2024pdf.pdf,Church,Church,101,"...suffrage and temperance movements. Examples: Carrie Nation, Frances Willard, Mary [Church] Terrell, National American Woman Suffrage Association, Woman’s Christian Temperance Union,..."
Alabama-Course-of-Study-Social-Studies_2024pdf.pdf,Church,Church,109,"...its achievements. Examples: assassinations, blockbusting, bombing of 16th Street Baptist [Church,] congressional filibuster, employment termination, Massive Resistance 10e Describe how key..."
Alabama-Course-of-Study-Social-Studies_2024pdf.pdf,Church,Church,111,"...of Chilean coup d’etat and Augusto Pinochet, War Powers Act, [Church] Committee, Executive Orders 11905 and 12036 16b Evaluate how the..."
Alabama-Course-of-Study-Social-Studies_2024pdf.pdf,Church,Church,162,"...Alabama sought to limit its success. Examples: 16th Street Baptist [Church] bombing, Bloody Sunday, George Wallace and the “Stand in the..."
Alask History Standards.pdf,Church,Church,4,"...also be peoples and gathering practices, resources (e.g., supply and [Church,] early fur traders, international interest, trade, art, music/dance, beliefs, demand..."
Alask History Standards.pdf,Church,Church,7,"...•Relationships with indigenous practices, art, music/dance, resources (e.g., supply and [Church,] early fur traders, international interest, trade, peoples beliefs, worldview), movement,..."
California HSS Standards 1998.pdf,Church,Church,34,"...Orthodox and Roman Catholic, and their two distinct views on [church-state] relations. 27 California Department of Education Created May 18, 2000"
California HSS Standards 1998.pdf,Church,Church,36,...of the Alps and the roles played by the early [church] and by monasteries in its diffusion after the fall of...
California HSS Standards 1998.pdf,Church,Church,37,"...on global population. 8. Understand the importance of the Catholic [church] as a political, intellectual, and aesthetic institution (e.g., founding of..."
California HSS Standards 1998.pdf,Church,Church,38,"...for the internal turmoil in and weakening of the Catholic [church] (e.g., tax policies, selling of indulgences). 2. Describe the theological,..."
California HSS Standards 1998.pdf,Church,Church,38,"...John Calvin, William Tyndale). 3. Explain Protestants’ new practices of [church] self-government and the influence of those practices on the development..."
California HSS Standards 1998.pdf,Church,Church,38,"...New World. 5. Analyze how the Counter-Reformation revitalized the Catholic [church] and the forces that fostered the movement (e.g., St. Ignatius..."
California HSS Standards 1998.pdf,Church,Church,41,...the founding fathers on the issue of the separation of [church] and state. 6. Enumerate the powers of government set forth...
California HSS Standards 1998.pdf,Church,Church,56,...including the debate on the issue of separa­ tion of [church] and state. 11.4 Students trace the rise of the United...
Alabama-Course-of-Study-Social-Studies_2024pdf.pdf,Churches,Churches,44,"...institutions in Alabama. Examples: educational reform, establishment of additional Black [churches,] establishment of segregated schools, Morrill Land Grant Act and expansion..."
Alabama-Course-of-Study-Social-Studies_2024pdf.pdf,Churches,Churches,58,"...efforts to limit religious freedom in the colonies. Examples: established [churches,] Maryland Toleration Act, Requerimiento, Rhode Island and religious exile, Salem..."
Alabama-Course-of-Study-Social-Studies_2024pdf.pdf,Churches,Churches,72,"...by the Roman Empire. Examples: Emperor Constantine, Roman roads, Seven [Churches] of Asia 16c Summarize the economic, political, and social factors..."
Alabama-Course-of-Study-Social-Studies_2024pdf.pdf,Churches,Churches,97,"...objections of Quakers, and how this fostered schisms within American [churches.] Examples: African Methodist Episcopal Church, Baptist and Methodist sectional splits..."
Alabama-Course-of-Study-Social-Studies_2024pdf.pdf,Churches,Churches,99,"...political participation and elect Black politicians to office. Examples: Africatown, [churches,] Colored Convention Movement, community schools, fraternal orders, mutual aid societies..."
Alabama-Course-of-Study-Social-Studies_2024pdf.pdf,Churches,Churches,162,"...their establishment during Reconstruction to the present. Examples: Black-owned businesses, [churches,] fraternal organizations, schools 14b Evaluate the role of new labor..."
California HSS Standards 1998.pdf,Churches,Churches,42,...who gained freedom in the North and founded schools and [churches] to advance their rights and communities. California Department of Education...
California HSS Standards 1998.pdf,Churches,Churches,60,"...of the civil rights movement of African Americans from the [churches] of the rural South and the urban North, including the..."
Alabama-Course-of-Study-Social-Studies_2024pdf.pdf,Confucian,Confucian,80,"...and politics. Examples: acceptance and suppression of Christianity, emergence of [Confucian] Shinto, influence of Zen Buddhism 16c Compare the policies of..."
California HSS Standards 1998.pdf,Confucian,Confucian,35,...periods. 3. Analyze the influences of Confucianism and changes in [Confucian] thought during the Sung and Mongol periods. 4. Understand the...
Alabama-Course-of-Study-Social-Studies_2024pdf.pdf,Confucianism,Confucianism,71,"...the Han Dynasty. 13a Compare and contrast the philosophies of [Confucianism,] Daoism, and Legalism and explain how they influenced dynastic cycles,..."
Arizon SS Standards 2019.pdf,Confucianism,Confucianism,32,"...• World religions including, but not limited to Buddhism, Christianity, [Confucianism,] Hinduism, Islam, Judaism, Shintoism, Sikhism, and Taoism, (origins, founders, major..."
Arizon SS Standards 2019.pdf,Confucianism,Confucianism,35,"...social identity. • Key world religions such as Buddhism, Christianity, [Confucianism,] Hinduism, Islam, Judaism, Shintoism, Sikhism, and Taoism ● 6.H3.3 Explain..."
Arizon SS Standards 2019.pdf,Confucianism,Confucianism,48,"...World Belief Systems including but not limited to Buddhism, Christianity, [Confucianism,] Hinduism, Islam, Judaism, Shintoism, Sikhism, Taoism, and as well as..."
California HSS Standards 1998.pdf,Confucianism,Confucianism,33,...about the life of Confucius and the fundamental teachings of [Confucianism] and Taoism. 4. Identify the political and cultural problems prevalent...
California HSS Standards 1998.pdf,Confucianism,Confucianism,35,...the Tang and Sung periods. 3. Analyze the influences of [Confucianism] and changes in Confucian thought during the Sung and Mongol...
Colorado 2020 Social Studies - Academic Standards.pdf,Confucianism,Confucianism,81,"...the conflicts in the Middle East, the Black Death, and [Confucianism.] Hemisphere? b. Investigate and evaluate the social, political, cultural and..."
Alabama-Course-of-Study-Social-Studies_2024pdf.pdf,Confucius,Confucius,71,"...they influenced dynastic cycles, politics, and society in China. Examples: [Confucius] and government morality, Han Fei and government realism, Mandate of..."
California HSS Standards 1998.pdf,Confucius,Confucius,33,...rest of the world. 3. Know about the life of [Confucius] and the fundamental teachings of Confucianism and Taoism. 4. Identify...
California HSS Standards 1998.pdf,Confucius,Confucius,33,...the political and cultural problems prevalent in the time of [Confucius] and how he sought to solve them. 5. List the...
Alabama-Course-of-Study-Social-Studies_2024pdf.pdf,Crusades,Crusades,57,"...silver mining and Spain’s economic growth 2a Summarize how the [Crusades,] Reformation, and Renaissance influenced European exploration and describe how individuals..."
Alabama-Course-of-Study-Social-Studies_2024pdf.pdf,Crusades,Crusades,57,"...silver mining and Spain’s economic growth 2a Summarize how the [Crusades,] Reformation, and Renaissance influenced European exploration and describe how individuals..."
Alabama-Course-of-Study-Social-Studies_2024pdf.pdf,Crusades,Crusades,78,"...regions. 8a Explain the political and cultural consequences of the [Crusades,] the Reconquista, the Spanish Inquisition, and the establishment of the..."
Alabama-Course-of-Study-Social-Studies_2024pdf.pdf,Crusades,Crusades,78,"...regions. 8a Explain the political and cultural consequences of the [Crusades,] the Reconquista, the Spanish Inquisition, and the establishment of the..."
California HSS Standards 1998.pdf,Crusades,Crusades,37,"...England). 6. Discuss the causes and course of the religious [Crusades] and their effects on the Chris­ tian, Muslim, and Jewish..."
California HSS Standards 1998.pdf,Crusades,Crusades,37,"...England). 6. Discuss the causes and course of the religious [Crusades] and their effects on the Chris­ tian, Muslim, and Jewish..."
Alabama-Course-of-Study-Social-Studies_2024pdf.pdf,Daoism,Daoism,71,"...Han Dynasty. 13a Compare and contrast the philosophies of Confucianism, [Daoism,] and Legalism and explain how they influenced dynastic cycles, politics,..."
Alabama-Course-of-Study-Social-Studies_2024pdf.pdf,Divine,Divine,79,"...rise of absolutism in France under Louis XIV, including the [divine] right of kings. Examples: construction of the Palace of Versailles,..."
California HSS Standards 1998.pdf,Divine,Divine,34,"...and authority, the natural rights of human beings and the [divine] right of kings, experimen­ talism in science, and the dogma..."
Alabama-Course-of-Study-Social-Studies_2024pdf.pdf,Faith,Faith,119,"...commerce regulation, dispute resolution, federal enforcement of interstate laws, full [faith] and credit clause, interstate compacts, privileges and immunities clause 13c..."
Alabama-Course-of-Study-Social-Studies_2024pdf.pdf,Faith,Faith,144,"...traditions. Examples: a dastār to symbolize piety in the Sikh [faith,] sacral architecture, sand mandala 4b Differentiate between material and nonmaterial..."
California HSS Standards 1998.pdf,Faith,Faith,37,"...interest in humanism (i.e., a balance between intellect and religious [faith).] California Department of Education Created May 18, 2000"
California HSS Standards 1998.pdf,Faith,Faith,41,"...by the Constitution’s clauses on interstate commerce, common coinage, and [full-faith] and credit. 4. Understand how the conflicts between Thomas Jefferson..."
California HSS Standards 1998.pdf,Faith,Faith,49,"...differences in Judeo-Christian and Greco-Roman views of law, reason and [faith,] and duties of the individual. 2. Trace the development of..."
Alabama-Course-of-Study-Social-Studies_2024pdf.pdf,Genocide,Genocide,140,"...examples from recent history. Examples: Balkans, Bangladesh Liberation War, Cambodia [Genocide,] Rwanda Genocide 9 Evaluate the impact of economic globalization on..."
Alabama-Course-of-Study-Social-Studies_2024pdf.pdf,Genocide,Genocide,140,"...recent history. Examples: Balkans, Bangladesh Liberation War, Cambodia Genocide, Rwanda [Genocide] 9 Evaluate the impact of economic globalization on worldwide trends..."
Alabama-Course-of-Study-Social-Studies_2024pdf.pdf,Genocide,Genocide,151,...of the mass killings and exploration of the concept of [genocide.] Course Topics: 1. Antisemitism and Pre-War Jewish Life 2. The...
Alabama-Course-of-Study-Social-Studies_2024pdf.pdf,Genocide,Genocide,157,"...Museum (USHMM), Yad Vashem 22 Differentiate between the concepts of [genocide] and mass atrocity.* 22a Analyze the causes and effects of..."
Arizon SS Standards 2019.pdf,Genocide,Genocide,40,"...the nations and leaders that abuse human rights and/or support [genocide] (In addition to the study of the Holocaust, other genocides..."
California HSS Standards 1998.pdf,Genocide,Genocide,51,"...to the war effort. 5. Discuss human rights violations and [genocide,] including the Ottoman government’s actions against Armenian citizens. 10.6 Students..."
Connecticu socialstudiesframeworks2015.pdf,Genocide,Genocide,84,"...human rights abuses on the people of sub-Saharan Africa (e.g., [Genocide] in Rwanda, Apartheid in South Africa). South America • Examine..."
Connecticu socialstudiesframeworks2015.pdf,Genocide,Genocide,120,...ͳ Analyze the social and political factors that led to [genocide.] ͳ Analyze how the Holocaust represented man’s inhumanity to man....
Connecticu socialstudiesframeworks2015.pdf,Genocide,Genocide,130,"...frequent human rights violations in the modern world (e.g., Armenian [genocide,] Nanking Massacre, Holocaust, Amritsar Massacre, Chinese Cultural Revolution, Syrian Civil..."
California HSS Standards 1998.pdf,God,God,31,...the first monotheistic religion based on the concept of one [God] who sets down moral laws for humanity. 2. Identify the...
California HSS Standards 1998.pdf,God,God,31,"...beliefs of Judaism (the Hebrew Bible, the Commentaries): belief in [God,] observance of law, practice of the concepts of righteousness and..."
Alabama-Course-of-Study-Social-Studies_2024pdf.pdf,Hebrew,Hebrew,63,"...District of Columbia, commitment to religious freedom (Letter to the [Hebrew] Congregation at Newport), and the two-term precedent. 19a Formulate and..."
California HSS Standards 1998.pdf,Hebrew,Hebrew,31,"...of the ethical teachings and central beliefs of Judaism (the [Hebrew] Bible, the Commentaries): belief in God, observance of law, practice..."
California HSS Standards 1998.pdf,Hebrew,Hebrew,31,...importance of study; and describe how the ideas of the [Hebrew] traditions are reflected in the moral and ethical traditions of...
California HSS Standards 1998.pdf,Hebrew,Hebrew,31,"...4. Discuss the locations of the settlements and movements of [Hebrew] peoples, including the Exodus and their movement to and from..."
Alabama-Course-of-Study-Social-Studies_2024pdf.pdf,Hindu,Hindu,76,"...Buddhism and Shintoism (shinbutsu shūgō); Khmer Empire and spread of [Hindu,] Buddhist, and Shiva-Buddha traditions and their fusion with indigenous traditions..."
Alabama-Course-of-Study-Social-Studies_2024pdf.pdf,Hindu,Hindu,144,"...affluence and excess, Kathakali as music and dance to tell [Hindu] stories 2024 Alabama Course of Study: Social Studies 134"
California HSS Standards 1998.pdf,Hindu,Hindu,32,"...includ­ ing the Bhagavad Gita; medicine; metallurgy; and mathematics, including [Hindu-] Arabic numerals and the zero). California Department of Education Created..."
Alabama-Course-of-Study-Social-Studies_2024pdf.pdf,Hinduism,Hinduism,70,...to the beginning of the Gupta Empire. 12a Summarize how [Hinduism] as well as a caste system emerged from different religious...
Alabama-Course-of-Study-Social-Studies_2024pdf.pdf,Hinduism,Hinduism,76,"...evolution of religion in Asia, including the growth of Buddhism, [Hinduism,] Jainism, and Sikhism. Examples: Bhakti movement; Delhi Sultanate and spread..."
Arizon SS Standards 2019.pdf,Hinduism,Hinduism,32,"...World religions including, but not limited to Buddhism, Christianity, Confucianism, [Hinduism,] Islam, Judaism, Shintoism, Sikhism, and Taoism, (origins, founders, major tenets,..."
Arizon SS Standards 2019.pdf,Hinduism,Hinduism,35,"...identity. • Key world religions such as Buddhism, Christianity, Confucianism, [Hinduism,] Islam, Judaism, Shintoism, Sikhism, and Taoism ● 6.H3.3 Explain why..."
Arizon SS Standards 2019.pdf,Hinduism,Hinduism,48,"...Belief Systems including but not limited to Buddhism, Christianity, Confucianism, [Hinduism,] Islam, Judaism, Shintoism, Sikhism, Taoism, and as well as non-religious..."
California HSS Standards 1998.pdf,Hinduism,Hinduism,32,...of Brahmanism in India and how they evolved into early [Hinduism.] 4. Outline the social structure of the caste system. 5....
Colorado 2020 Social Studies - Academic Standards.pdf,Hinduism,Hinduism,103,"...example: the Enlightenment, the development and expansion of Buddhism, Christianity, [Hinduism,] Islam, Judaism, Sikhism, and Taoism. f. Investigate the historical development..."
Alabama-Course-of-Study-Social-Studies_2024pdf.pdf,Holocaust,Holocaust,5,...Contemporary World Issues 126 Human Geography 132 Historical Studies 137 [Holocaust] Studies 141 Alabama Studies 148 2024 Alabama Course of Study:...
Alabama-Course-of-Study-Social-Studies_2024pdf.pdf,Holocaust,Holocaust,5,...Contemporary World Issues 126 Human Geography 132 Historical Studies 137 [Holocaust] Studies 141 Alabama Studies 148 2024 Alabama Course of Study:...
Alabama-Course-of-Study-Social-Studies_2024pdf.pdf,Holocaust,Holocaust,51,"...the war, including Pearl Harbor, internment of Japanese-Americans, D-Day, the [Holocaust,] Victory in Europe (VE) Day, the development and use of..."
Alabama-Course-of-Study-Social-Studies_2024pdf.pdf,Holocaust,Holocaust,51,"...the war, including Pearl Harbor, internment of Japanese-Americans, D-Day, the [Holocaust,] Victory in Europe (VE) Day, the development and use of..."
Alabama-Course-of-Study-Social-Studies_2024pdf.pdf,Holocaust,Holocaust,81,"...disciplines (Psychology, Sociology, Contemporary World Issues, Human Geography, Historical Studies, [Holocaust] Studies, and Alabama Studies). Standards for these optional high school..."
Alabama-Course-of-Study-Social-Studies_2024pdf.pdf,Holocaust,Holocaust,81,"...disciplines (Psychology, Sociology, Contemporary World Issues, Human Geography, Historical Studies, [Holocaust] Studies, and Alabama Studies). Standards for these optional high school..."
Alabama-Course-of-Study-Social-Studies_2024pdf.pdf,Holocaust,Holocaust,87,"...Operation Pied Piper and child relocation, resistors 11 Explain the [Holocaust] as the state-sponsored, systematic persecution and mass murder of Europe’s..."
Alabama-Course-of-Study-Social-Studies_2024pdf.pdf,Holocaust,Holocaust,87,"...Explain the roles of different types of camps in the [Holocaust,] including slave labor, transit, concentration camps, and killing centers. Examples:..."
Alabama-Course-of-Study-Social-Studies_2024pdf.pdf,Holocaust,Holocaust,87,"...Operation Pied Piper and child relocation, resistors 11 Explain the [Holocaust] as the state-sponsored, systematic persecution and mass murder of Europe’s..."
Alabama-Course-of-Study-Social-Studies_2024pdf.pdf,Holocaust,Holocaust,87,"...Explain the roles of different types of camps in the [Holocaust,] including slave labor, transit, concentration camps, and killing centers. Examples:..."
Alabama-Course-of-Study-Social-Studies_2024pdf.pdf,Holocaust,Holocaust,107,"...toward Nazi Germany and the growing refugee crisis as the [Holocaust] began. Examples: America First Committee (AFC), Evian Conference, Father Coughlin,..."
Alabama-Course-of-Study-Social-Studies_2024pdf.pdf,Holocaust,Holocaust,107,"...role of the United States military in helping end the [Holocaust,] including the liberation of concentration camps and participation in the..."
Alabama-Course-of-Study-Social-Studies_2024pdf.pdf,Holocaust,Holocaust,107,"...toward Nazi Germany and the growing refugee crisis as the [Holocaust] began. Examples: America First Committee (AFC), Evian Conference, Father Coughlin,..."
Alabama-Course-of-Study-Social-Studies_2024pdf.pdf,Holocaust,Holocaust,107,"...role of the United States military in helping end the [Holocaust,] including the liberation of concentration camps and participation in the..."
Alabama-Course-of-Study-Social-Studies_2024pdf.pdf,Holocaust,Holocaust,151,[Holocaust] Studies Holocaust Studies High School Elective Grade Level: Grades 9-12...
Alabama-Course-of-Study-Social-Studies_2024pdf.pdf,Holocaust,Holocaust,151,Holocaust Studies [Holocaust] Studies High School Elective Grade Level: Grades 9-12 Course Credit:...
Alabama-Course-of-Study-Social-Studies_2024pdf.pdf,Holocaust,Holocaust,151,...and 22b are required) OR 1.0 (All standards are required) [Holocaust] Studies provides students with an in-depth study of the Holocaust...
Alabama-Course-of-Study-Social-Studies_2024pdf.pdf,Holocaust,Holocaust,151,"...Holocaust Studies provides students with an in-depth study of the [Holocaust] (the state-sponsored, systematic murder of Europe’s Jews) and the persecution..."
Alabama-Course-of-Study-Social-Studies_2024pdf.pdf,Holocaust,Holocaust,151,[Holocaust] Studies Holocaust Studies High School Elective Grade Level: Grades 9-12...
Alabama-Course-of-Study-Social-Studies_2024pdf.pdf,Holocaust,Holocaust,151,Holocaust Studies [Holocaust] Studies High School Elective Grade Level: Grades 9-12 Course Credit:...
Alabama-Course-of-Study-Social-Studies_2024pdf.pdf,Holocaust,Holocaust,151,...and 22b are required) OR 1.0 (All standards are required) [Holocaust] Studies provides students with an in-depth study of the Holocaust...
Alabama-Course-of-Study-Social-Studies_2024pdf.pdf,Holocaust,Holocaust,151,"...Holocaust Studies provides students with an in-depth study of the [Holocaust] (the state-sponsored, systematic murder of Europe’s Jews) and the persecution..."
Alabama-Course-of-Study-Social-Studies_2024pdf.pdf,Holocaust,Holocaust,152,[Holocaust] Studies ● Analyze change and continuity in historical eras. ●...
Alabama-Course-of-Study-Social-Studies_2024pdf.pdf,Holocaust,Holocaust,152,[Holocaust] Studies ● Analyze change and continuity in historical eras. ●...
Alabama-Course-of-Study-Social-Studies_2024pdf.pdf,Holocaust,Holocaust,153,[Holocaust] Studies HOLOCAUST STUDIES CONTENT STANDARDS Please refer to “Directions for...
Alabama-Course-of-Study-Social-Studies_2024pdf.pdf,Holocaust,Holocaust,153,Holocaust Studies [HOLOCAUST] STUDIES CONTENT STANDARDS Please refer to “Directions for Interpreting Standards”...
Alabama-Course-of-Study-Social-Studies_2024pdf.pdf,Holocaust,Holocaust,153,...AND PRE-WAR JEWISH LIFE 1 Defend the definition of the [Holocaust] as the planned and systematic state-sponsored persecution and murder of...
Alabama-Course-of-Study-Social-Studies_2024pdf.pdf,Holocaust,Holocaust,153,[Holocaust] Studies HOLOCAUST STUDIES CONTENT STANDARDS Please refer to “Directions for...
Alabama-Course-of-Study-Social-Studies_2024pdf.pdf,Holocaust,Holocaust,153,Holocaust Studies [HOLOCAUST] STUDIES CONTENT STANDARDS Please refer to “Directions for Interpreting Standards”...
Alabama-Course-of-Study-Social-Studies_2024pdf.pdf,Holocaust,Holocaust,153,...AND PRE-WAR JEWISH LIFE 1 Defend the definition of the [Holocaust] as the planned and systematic state-sponsored persecution and murder of...
Alabama-Course-of-Study-Social-Studies_2024pdf.pdf,Holocaust,Holocaust,154,[Holocaust] Studies THE RISE OF HITLER AND THE NAZIS 4 Outline...
Alabama-Course-of-Study-Social-Studies_2024pdf.pdf,Holocaust,Holocaust,154,[Holocaust] Studies THE RISE OF HITLER AND THE NAZIS 4 Outline...
Alabama-Course-of-Study-Social-Studies_2024pdf.pdf,Holocaust,Holocaust,155,[Holocaust] Studies 7d Assess how German Jews reacted to increasing exclusion...
Alabama-Course-of-Study-Social-Studies_2024pdf.pdf,Holocaust,Holocaust,155,...were aware of Nazi antisemitic and racial policies and the [Holocaust] through the information and news available to them during the...
Alabama-Course-of-Study-Social-Studies_2024pdf.pdf,Holocaust,Holocaust,155,[Holocaust] Studies 7d Assess how German Jews reacted to increasing exclusion...
Alabama-Course-of-Study-Social-Studies_2024pdf.pdf,Holocaust,Holocaust,155,...were aware of Nazi antisemitic and racial policies and the [Holocaust] through the information and news available to them during the...
Alabama-Course-of-Study-Social-Studies_2024pdf.pdf,Holocaust,Holocaust,156,[Holocaust] Studies 12a Locate on a map the Einsatzgruppen killing sites...
Alabama-Course-of-Study-Social-Studies_2024pdf.pdf,Holocaust,Holocaust,156,"...States military to the suffering of European Jews in the [Holocaust.*] Examples: Evian and Bermuda Conferences, War Refugee Board 2024 Alabama..."
Alabama-Course-of-Study-Social-Studies_2024pdf.pdf,Holocaust,Holocaust,156,[Holocaust] Studies 12a Locate on a map the Einsatzgruppen killing sites...
Alabama-Course-of-Study-Social-Studies_2024pdf.pdf,Holocaust,Holocaust,156,"...States military to the suffering of European Jews in the [Holocaust.*] Examples: Evian and Bermuda Conferences, War Refugee Board 2024 Alabama..."
Alabama-Course-of-Study-Social-Studies_2024pdf.pdf,Holocaust,Holocaust,157,[Holocaust] Studies 18a Evaluate American and Allied officials’ knowledge of and...
Alabama-Course-of-Study-Social-Studies_2024pdf.pdf,Holocaust,Holocaust,157,...and the German surrender. POST-WAR 20 Describe the experience of [Holocaust] survivors and other displaced persons following World War II.* 20a...
Alabama-Course-of-Study-Social-Studies_2024pdf.pdf,Holocaust,Holocaust,157,...War II.* 20a Research and report on the lives of [Holocaust] survivors who settled in Alabama after World War II. 21...
Alabama-Course-of-Study-Social-Studies_2024pdf.pdf,Holocaust,Holocaust,157,...at the Nuremberg Trials. 21b Analyze the influence of the [Holocaust] on the drafting and substance of the 1948 United Nations...
Alabama-Course-of-Study-Social-Studies_2024pdf.pdf,Holocaust,Holocaust,157,"...Develop an argument regarding the need for education about the [Holocaust] and how museums, memorials, and organizations can be used to..."
Alabama-Course-of-Study-Social-Studies_2024pdf.pdf,Holocaust,Holocaust,157,"...and organizations can be used to preserve memory and combat [Holocaust] denial.* Examples: Echoes & Reflections, International Holocaust Remembrance Alliance (IHRA),..."
Alabama-Course-of-Study-Social-Studies_2024pdf.pdf,Holocaust,Holocaust,157,"...memory and combat Holocaust denial.* Examples: Echoes & Reflections, International [Holocaust] Remembrance Alliance (IHRA), United States Holocaust Memorial Museum (USHMM), Yad..."
Alabama-Course-of-Study-Social-Studies_2024pdf.pdf,Holocaust,Holocaust,157,"...Echoes & Reflections, International Holocaust Remembrance Alliance (IHRA), United States [Holocaust] Memorial Museum (USHMM), Yad Vashem 22 Differentiate between the concepts..."
Alabama-Course-of-Study-Social-Studies_2024pdf.pdf,Holocaust,Holocaust,157,...concepts of personal and civic responsibility have evolved following the [Holocaust.*] 2024 Alabama Course of Study: Social Studies 147
Alabama-Course-of-Study-Social-Studies_2024pdf.pdf,Holocaust,Holocaust,157,[Holocaust] Studies 18a Evaluate American and Allied officials’ knowledge of and...
Alabama-Course-of-Study-Social-Studies_2024pdf.pdf,Holocaust,Holocaust,157,...and the German surrender. POST-WAR 20 Describe the experience of [Holocaust] survivors and other displaced persons following World War II.* 20a...
Alabama-Course-of-Study-Social-Studies_2024pdf.pdf,Holocaust,Holocaust,157,...War II.* 20a Research and report on the lives of [Holocaust] survivors who settled in Alabama after World War II. 21...
Alabama-Course-of-Study-Social-Studies_2024pdf.pdf,Holocaust,Holocaust,157,...at the Nuremberg Trials. 21b Analyze the influence of the [Holocaust] on the drafting and substance of the 1948 United Nations...
Alabama-Course-of-Study-Social-Studies_2024pdf.pdf,Holocaust,Holocaust,157,"...Develop an argument regarding the need for education about the [Holocaust] and how museums, memorials, and organizations can be used to..."
Alabama-Course-of-Study-Social-Studies_2024pdf.pdf,Holocaust,Holocaust,157,"...and organizations can be used to preserve memory and combat [Holocaust] denial.* Examples: Echoes & Reflections, International Holocaust Remembrance Alliance (IHRA),..."
Alabama-Course-of-Study-Social-Studies_2024pdf.pdf,Holocaust,Holocaust,157,"...memory and combat Holocaust denial.* Examples: Echoes & Reflections, International [Holocaust] Remembrance Alliance (IHRA), United States Holocaust Memorial Museum (USHMM), Yad..."
Alabama-Course-of-Study-Social-Studies_2024pdf.pdf,Holocaust,Holocaust,157,"...Echoes & Reflections, International Holocaust Remembrance Alliance (IHRA), United States [Holocaust] Memorial Museum (USHMM), Yad Vashem 22 Differentiate between the concepts..."
Alabama-Course-of-Study-Social-Studies_2024pdf.pdf,Holocaust,Holocaust,157,...concepts of personal and civic responsibility have evolved following the [Holocaust.*] 2024 Alabama Course of Study: Social Studies 147
Arizon SS Standards 2019.pdf,Holocaust,Holocaust,40,"...and/or support genocide (In addition to the study of the [Holocaust,] other genocides should be studied) ● Environmental issues ● Information..."
Arizon SS Standards 2019.pdf,Holocaust,Holocaust,40,"...and/or support genocide (In addition to the study of the [Holocaust,] other genocides should be studied) ● Environmental issues ● Information..."
Arizon SS Standards 2019.pdf,Holocaust,Holocaust,48,"...of communism, and nationalism in China, Turkey, and India • [Holocaust] and other genocides • The Cold War including origins, the..."
Arizon SS Standards 2019.pdf,Holocaust,Holocaust,48,"...of communism, and nationalism in China, Turkey, and India • [Holocaust] and other genocides • The Cold War including origins, the..."
California HSS Standards 1998.pdf,Holocaust,Holocaust,52,...European Jews; its transformation into the Final Solution; and the [Holocaust] that resulted in the murder of six million Jewish civilians....
California HSS Standards 1998.pdf,Holocaust,Holocaust,52,...European Jews; its transformation into the Final Solution; and the [Holocaust] that resulted in the murder of six million Jewish civilians....
California HSS Standards 1998.pdf,Holocaust,Holocaust,53,"...forces of nationalism developed in the Middle East, how the [Holocaust] affected world opinion regarding the need for a Jewish state,..."
California HSS Standards 1998.pdf,Holocaust,Holocaust,53,"...forces of nationalism developed in the Middle East, how the [Holocaust] affected world opinion regarding the need for a Jewish state,..."
Colorado 2020 Social Studies - Academic Standards.pdf,Holocaust,Holocaust,103,"...as forms of and gender; revolutions; the World Wars, the [Holocaust,] the Cold War; and resistance. independence movements/decolonization. b. Investigate causes..."
Colorado 2020 Social Studies - Academic Standards.pdf,Holocaust,Holocaust,103,"...as forms of and gender; revolutions; the World Wars, the [Holocaust,] the Cold War; and resistance. independence movements/decolonization. b. Investigate causes..."
Connecticu socialstudiesframeworks2015.pdf,Holocaust,Holocaust,120,...to which World War II represented “total war.” • The [Holocaust] ͳ Analyze the social and political factors that led to...
Connecticu socialstudiesframeworks2015.pdf,Holocaust,Holocaust,120,...political factors that led to genocide. ͳ Analyze how the [Holocaust] represented man’s inhumanity to man. ͳ Evaluate the roles played...
Connecticu socialstudiesframeworks2015.pdf,Holocaust,Holocaust,120,...to which World War II represented “total war.” • The [Holocaust] ͳ Analyze the social and political factors that led to...
Connecticu socialstudiesframeworks2015.pdf,Holocaust,Holocaust,120,...political factors that led to genocide. ͳ Analyze how the [Holocaust] represented man’s inhumanity to man. ͳ Evaluate the roles played...
Connecticu socialstudiesframeworks2015.pdf,Holocaust,Holocaust,130,...• Were the Nuremberg Trials an effective response to the [Holocaust?] • Is the International War Crimes Tribunal an effective means...
Connecticu socialstudiesframeworks2015.pdf,Holocaust,Holocaust,130,"...violations in the modern world (e.g., Armenian genocide, Nanking Massacre, [Holocaust,] Amritsar Massacre, Chinese Cultural Revolution, Syrian Civil War)? Participation and..."
Connecticu socialstudiesframeworks2015.pdf,Holocaust,Holocaust,130,...• Were the Nuremberg Trials an effective response to the [Holocaust?] • Is the International War Crimes Tribunal an effective means...
Connecticu socialstudiesframeworks2015.pdf,Holocaust,Holocaust,130,"...violations in the modern world (e.g., Armenian genocide, Nanking Massacre, [Holocaust,] Amritsar Massacre, Chinese Cultural Revolution, Syrian Civil War)? Participation and..."
Connecticu socialstudiesframeworks2015.pdf,Holocaust,Holocaust,138,...• Evaluate the role of the United States during the [Holocaust.] The Cold War • Analyze the role of nuclear power...
Connecticu socialstudiesframeworks2015.pdf,Holocaust,Holocaust,138,...• Evaluate the role of the United States during the [Holocaust.] The Cold War • Analyze the role of nuclear power...
Alabama-Course-of-Study-Social-Studies_2024pdf.pdf,Holy,Holy,76,"...Eastern Europe and Central Asia. Examples: Filioque clause and the [Holy] Spirit, Great Schism (1054 CE), iconoclasm, spread to Russia 2b..."
Alabama-Course-of-Study-Social-Studies_2024pdf.pdf,Islam,Islam,76,...codes. MEDIEVAL SOCIETIES 3 Trace and analyze the spread of [Islam] through the Mediterranean region under the caliphs from 632 to...
Alabama-Course-of-Study-Social-Studies_2024pdf.pdf,Islam,Islam,76,"...India and Spain 3a Outline the founding and development of [Islam] under Muhammad. Examples: Five Pillars of Islam, importance of Mecca..."
Alabama-Course-of-Study-Social-Studies_2024pdf.pdf,Islam,Islam,76,"...and development of Islam under Muhammad. Examples: Five Pillars of [Islam,] importance of Mecca and Medina, the Qur’an 3b Differentiate among..."
Alabama-Course-of-Study-Social-Studies_2024pdf.pdf,Islam,Islam,76,...and Sikhism. Examples: Bhakti movement; Delhi Sultanate and spread of [Islam;] intertwining of Buddhism and Shintoism (shinbutsu shūgō); Khmer Empire and...
Alabama-Course-of-Study-Social-Studies_2024pdf.pdf,Islam,Islam,77,"...role of griots, trade with North Africa and spread of [Islam] and literacy 5c Evaluate the economic and cultural contributions of..."
Arizon SS Standards 2019.pdf,Islam,Islam,32,"...religions including, but not limited to Buddhism, Christianity, Confucianism, Hinduism, [Islam,] Judaism, Shintoism, Sikhism, and Taoism, (origins, founders, major tenets, practices,..."
Arizon SS Standards 2019.pdf,Islam,Islam,35,"...• Key world religions such as Buddhism, Christianity, Confucianism, Hinduism, [Islam,] Judaism, Shintoism, Sikhism, and Taoism ● 6.H3.3 Explain why communities,..."
Arizon SS Standards 2019.pdf,Islam,Islam,48,"...Systems including but not limited to Buddhism, Christianity, Confucianism, Hinduism, [Islam,] Judaism, Shintoism, Sikhism, Taoism, and as well as non-religious worldviews..."
California HSS Standards 1998.pdf,Islam,Islam,35,"...political, economic, religious, and social structures of the civilizations of [Islam] in the Middle Ages. 1. Identify the physical features and..."
California HSS Standards 1998.pdf,Islam,Islam,35,"...and sedentary ways of life. 2. Trace the origins of [Islam] and the life and teachings of Muhammad, including Islamic teachings..."
California HSS Standards 1998.pdf,Islam,Islam,35,...blending within Muslim civilization and the spread and acceptance of [Islam] and the Arabic language. 5. Describe the growth of cities...
Colorado 2020 Social Studies - Academic Standards.pdf,Islam,Islam,103,"...Apply knowledge and skills to implement sophisticated, appropriate, and in [Islam;] independence movements in Africa, the Americas, and Asia; and workable..."
Colorado 2020 Social Studies - Academic Standards.pdf,Islam,Islam,103,"...the Enlightenment, the development and expansion of Buddhism, Christianity, Hinduism, [Islam,] Judaism, Sikhism, and Taoism. f. Investigate the historical development and..."
Alabama-Course-of-Study-Social-Studies_2024pdf.pdf,Islamic,Islamic,76,"...defeat of the Byzantine and Sasanian empires, Abbasid Caliphate and [Islamic] Golden Age, Umayyad Caliphate’s expansion toward India and Spain 3a..."
Alabama-Course-of-Study-Social-Studies_2024pdf.pdf,Islamic,Islamic,76,"...of Mecca and Medina, the Qur’an 3b Differentiate among the [Islamic] sects that developed after the death of Muhammad. Examples: Kharijites,..."
Alabama-Course-of-Study-Social-Studies_2024pdf.pdf,Islamic,Islamic,76,"...Examples: Kharijites, Shi’ites, Sufism, Sunnis 3c Analyze the influence of [Islamic] cultural, economic, and political systems in Africa, Arabia, and Europe...."
California HSS Standards 1998.pdf,Islamic,Islamic,35,"...of Islam and the life and teachings of Muhammad, including [Islamic] teachings on the connection with Judaism and Christianity. 3. Explain..."
California HSS Standards 1998.pdf,Islamic,Islamic,35,"...the Qur’an and the Sunnah as the primary sources of [Islamic] beliefs, practice, and law, and their influence in Muslims’ daily..."
California HSS Standards 1998.pdf,Islamic,Islamic,36,"...and cultural characteristics of West Africa and the influence of [Islamic] beliefs, ethics, and law. 4. Trace the growth of the..."
California HSS Standards 1998.pdf,Islamic,Islamic,36,"...the growth of the Arabic language in government, trade, and [Islamic] scholarship in West Africa. 5. Describe the importance of written..."
Alabama-Course-of-Study-Social-Studies_2024pdf.pdf,Israel,Israel,42,"...Alabama’s early political leaders, including William Wyatt Bibb, Thomas Bibb, [Israel] Pickens, William Rufus King, and John W. Walker. 10b Outline..."
Alabama-Course-of-Study-Social-Studies_2024pdf.pdf,Israel,Israel,69,"...II 8 Explain the geographic and cultural development of ancient [Israel.] 8a Identify the central tenets of Judaism, and compare Judaism..."
Alabama-Course-of-Study-Social-Studies_2024pdf.pdf,Israel,Israel,69,"...Mediterranean ancient civilizations. 8b Describe the establishment of a unified [Israel] under Kings Saul, David, and Solomon. 8c Outline the multiple..."
Alabama-Course-of-Study-Social-Studies_2024pdf.pdf,Israel,Israel,69,"...multiple exiles of the Jewish people and their return to [Israel,] from the establishment of the nation through the Roman destruction..."
Alabama-Course-of-Study-Social-Studies_2024pdf.pdf,Israel,Israel,89,...the Arab-Israeli conflict following the establishment of the State of [Israel] and explain its impact on the global community. Examples: Lebanese...
California HSS Standards 1998.pdf,Israel,Israel,31,...of the Jewish population from Jerusalem and the rest of [Israel] after the destruc­ tion of the second Temple in A.D....
California HSS Standards 1998.pdf,Israel,Israel,53,...the significance and effects of the location and establishment of [Israel] on world affairs. 7. Analyze the reasons for the collapse...
Connecticu socialstudiesframeworks2015.pdf,Israel,Israel,83,...environmental changes on • Evaluate how the physical features of [Israel] help to populations of various world regions over time. explain...
Connecticu socialstudiesframeworks2015.pdf,Israel,Israel,83,"...of various world regions over time. explain the conflicts between [Israel] and its neigh- boring nations (e.g., security concerns and the..."
Connecticu socialstudiesframeworks2015.pdf,Israel,Israel,121,...short-term and long-term causes and effects of the creation of [Israel.] ͳ Identify the factors most responsible for progress and regression...
Alabama-Course-of-Study-Social-Studies_2024pdf.pdf,Jainism,Jainism,76,"...of religion in Asia, including the growth of Buddhism, Hinduism, [Jainism,] and Sikhism. Examples: Bhakti movement; Delhi Sultanate and spread of..."
Alabama-Course-of-Study-Social-Studies_2024pdf.pdf,Jerusalem,Jerusalem,69,"...the establishment of the nation through the Roman destruction of [Jerusalem] in 70 AD/CE. Examples: Assyrian Exile, Babylonian Captivity ANCIENT CIVILIZATIONS..."
Alabama-Course-of-Study-Social-Studies_2024pdf.pdf,Jerusalem,Jerusalem,69,"...the establishment of the nation through the Roman destruction of [Jerusalem] in 70 AD/CE. Examples: Assyrian Exile, Babylonian Captivity ANCIENT CIVILIZATIONS..."
California HSS Standards 1998.pdf,Jerusalem,Jerusalem,31,...the continuing dispersion of much of the Jewish population from [Jerusalem] and the rest of Israel after the destruc­ tion of...
California HSS Standards 1998.pdf,Jerusalem,Jerusalem,31,...the continuing dispersion of much of the Jewish population from [Jerusalem] and the rest of Israel after the destruc­ tion of...
California HSS Standards 1998.pdf,Jerusalem,Jerusalem,33,...including the Romans’ restrictions on their right to live in [Jerusalem.] 6. Note the origins of Christianity in the Jewish Messianic...
California HSS Standards 1998.pdf,Jerusalem,Jerusalem,33,...including the Romans’ restrictions on their right to live in [Jerusalem.] 6. Note the origins of Christianity in the Jewish Messianic...
Alabama-Course-of-Study-Social-Studies_2024pdf.pdf,Jesus,Jesus,72,"...the founding and development of Christianity, including the roles of [Jesus] of Nazareth and Paul of Tarsus, and how its spread..."
California HSS Standards 1998.pdf,Jesus,Jesus,33,"...the Jewish Messianic prophecies, the life and teach­ ings of [Jesus] of Nazareth as described in the New Testament, and the..."
Alabama-Course-of-Study-Social-Studies_2024pdf.pdf,Jewish,Jewish,69,"...David, and Solomon. 8c Outline the multiple exiles of the [Jewish] people and their return to Israel, from the establishment of..."
Alabama-Course-of-Study-Social-Studies_2024pdf.pdf,Jewish,Jewish,87,...Describe how the Nazis built upon historical antisemitism to dehumanize [Jewish] people and frame them as the enemy of the German...
Alabama-Course-of-Study-Social-Studies_2024pdf.pdf,Jewish,Jewish,151,...the concept of genocide. Course Topics: 1. Antisemitism and Pre-War [Jewish] Life 2. The Rise of Hitler and the Nazis 3....
Alabama-Course-of-Study-Social-Studies_2024pdf.pdf,Jewish,Jewish,153,...content standard completes the stem “Students will…” ANTISEMITISM AND PRE-WAR [JEWISH] LIFE 1 Defend the definition of the Holocaust as the...
Alabama-Course-of-Study-Social-Studies_2024pdf.pdf,Jewish,Jewish,153,...Judaism and analyze the historical and modern antisemitic beliefs about [Jewish] life and religion. 2b Analyze how the Nazi regime utilized...
Alabama-Course-of-Study-Social-Studies_2024pdf.pdf,Jewish,Jewish,153,...regime utilized and built on historical antisemitism to cast the [Jewish] people as a common enemy.* 2c Trace the intensification of...
Alabama-Course-of-Study-Social-Studies_2024pdf.pdf,Jewish,Jewish,153,"...Frank 3 Describe cultural, economic, and social aspects of pre-war [Jewish] life in Europe and explain how these aspects differed across..."
Alabama-Course-of-Study-Social-Studies_2024pdf.pdf,Jewish,Jewish,153,"...across regions. 3a Locate on a map pre-war centers of [Jewish] life, including shtetls, in Europe in the late nineteenth and..."
Alabama-Course-of-Study-Social-Studies_2024pdf.pdf,Jewish,Jewish,154,...foreign policy.* NAZI ANTISEMITIC AND RACIAL POLICIES 7 Describe how [Jewish] life deteriorated under the Third Reich in Germany and its...
Alabama-Course-of-Study-Social-Studies_2024pdf.pdf,Jewish,Jewish,154,"...Rhineland, Sudetenland 7a Explain the motivations behind the boycott of [Jewish] businesses and Nazi book burnings. 7b Evaluate the effects of..."
Alabama-Course-of-Study-Social-Studies_2024pdf.pdf,Jewish,Jewish,154,...burnings. 7b Evaluate the effects of the Nuremberg Laws on [Jewish] life in Germany.* 7c Assess the main purposes of the...
Alabama-Course-of-Study-Social-Studies_2024pdf.pdf,Jewish,Jewish,155,"...Germany and Nazi-controlled territories.* 8a Assess how the destruction of [Jewish] cultural and religious institutions affected German Jews. Examples: synagogues, yeshivas..."
Alabama-Course-of-Study-Social-Studies_2024pdf.pdf,Jewish,Jewish,155,...of Jews in Germany and Nazi-controlled territories. 9 Describe how [Jewish] immigration was perceived and restricted by various nations from 1933...
Alabama-Course-of-Study-Social-Studies_2024pdf.pdf,Jewish,Jewish,155,"...nations from 1933 to 1939.* 9a Describe the difficulties European [Jewish] refugees faced when attempting to emigrate to the United States,..."
Alabama-Course-of-Study-Social-Studies_2024pdf.pdf,Jewish,Jewish,155,"...the Jews in Europe.* Examples: 1943 Legislative Resolution calling for [Jewish] State in Palestine, Dora Roth, Grover Hall, Sr., Leon Schwarz,..."
Alabama-Course-of-Study-Social-Studies_2024pdf.pdf,Jewish,Jewish,156,"...tactics utilized by the Nazis to control, isolate, and weaken [Jewish] people in the ghettos. 13b Describe Jewish life in the..."
Alabama-Course-of-Study-Social-Studies_2024pdf.pdf,Jewish,Jewish,156,"...isolate, and weaken Jewish people in the ghettos. 13b Describe [Jewish] life in the ghettos, including means of resistance. 13c Locate..."
Alabama-Course-of-Study-Social-Studies_2024pdf.pdf,Jewish,Jewish,156,...and perpetrators played in the implementation of Nazi policies against [Jewish] people and other targeted groups.* 16a Analyze how corporate complicity...
Alabama-Course-of-Study-Social-Studies_2024pdf.pdf,Jewish,Jewish,156,"...Rose, Oskar Schindler, Raoul Wallenberg 17a Explain how and why [Jewish] partisans undertook armed resistance against the Germans and their Axis..."
California HSS Standards 1998.pdf,Jewish,Jewish,31,"...David, and Yohanan ben Zaccai in the development of the [Jewish] religion. 4. Discuss the locations of the settlements and movements..."
California HSS Standards 1998.pdf,Jewish,Jewish,31,"...Egypt, and outline the significance of the Exodus to the [Jewish] and other people. 5. Discuss how Judaism survived and developed..."
California HSS Standards 1998.pdf,Jewish,Jewish,31,...and developed despite the continuing dispersion of much of the [Jewish] population from Jerusalem and the rest of Israel after the...
California HSS Standards 1998.pdf,Jewish,Jewish,33,"...in Jerusalem. 6. Note the origins of Christianity in the [Jewish] Messianic prophecies, the life and teach­ ings of Jesus of..."
California HSS Standards 1998.pdf,Jewish,Jewish,37,"...Crusades and their effects on the Chris­ tian, Muslim, and [Jewish] populations in Europe, with emphasis on the increasing contact by..."
California HSS Standards 1998.pdf,Jewish,Jewish,38,"...Discuss the roots of the Scientific Revolution (e.g., Greek rationalism; [Jewish,] Chris­ tian, and Muslim science; Renaissance humanism; new knowledge from..."
California HSS Standards 1998.pdf,Jewish,Jewish,52,"...the Holocaust that resulted in the murder of six million [Jewish] civilians. 6. Discuss the human costs of the war, with..."
California HSS Standards 1998.pdf,Jewish,Jewish,53,"...the Holocaust affected world opinion regarding the need for a [Jewish] state, and the significance and effects of the location and..."
Alabama-Course-of-Study-Social-Studies_2024pdf.pdf,Judaism,Judaism,69,"...development of ancient Israel. 8a Identify the central tenets of [Judaism,] and compare Judaism to the polytheistic religions of other Mediterranean..."
Alabama-Course-of-Study-Social-Studies_2024pdf.pdf,Judaism,Judaism,69,"...Israel. 8a Identify the central tenets of Judaism, and compare [Judaism] to the polytheistic religions of other Mediterranean ancient civilizations. 8b..."
Alabama-Course-of-Study-Social-Studies_2024pdf.pdf,Judaism,Judaism,153,...2a Identify core practices and tenets within historical and modern [Judaism] and analyze the historical and modern antisemitic beliefs about Jewish...
Arizon SS Standards 2019.pdf,Judaism,Judaism,32,"...including, but not limited to Buddhism, Christianity, Confucianism, Hinduism, Islam, [Judaism,] Shintoism, Sikhism, and Taoism, (origins, founders, major tenets, practices, and..."
Arizon SS Standards 2019.pdf,Judaism,Judaism,35,"...Key world religions such as Buddhism, Christianity, Confucianism, Hinduism, Islam, [Judaism,] Shintoism, Sikhism, and Taoism ● 6.H3.3 Explain why communities, states,..."
Arizon SS Standards 2019.pdf,Judaism,Judaism,48,"...including but not limited to Buddhism, Christianity, Confucianism, Hinduism, Islam, [Judaism,] Shintoism, Sikhism, Taoism, and as well as non-religious worldviews and..."
California HSS Standards 1998.pdf,Judaism,Judaism,31,...the Ancient Hebrews. 1. Describe the origins and significance of [Judaism] as the first monotheistic religion based on the concept of...
California HSS Standards 1998.pdf,Judaism,Judaism,31,"...the sources of the ethical teachings and central beliefs of [Judaism] (the Hebrew Bible, the Commentaries): belief in God, observance of..."
California HSS Standards 1998.pdf,Judaism,Judaism,31,...Exodus to the Jewish and other people. 5. Discuss how [Judaism] survived and developed despite the continuing dispersion of much of...
California HSS Standards 1998.pdf,Judaism,Judaism,35,"...teachings of Muhammad, including Islamic teachings on the connection with [Judaism] and Christianity. 3. Explain the significance of the Qur’an and..."
California HSS Standards 1998.pdf,Judaism,Judaism,49,"...and ethical principles in ancient Greek and Roman philosophy, in [Judaism,] and in Christianity to the development of Western political thought...."
Colorado 2020 Social Studies - Academic Standards.pdf,Judaism,Judaism,103,"...Enlightenment, the development and expansion of Buddhism, Christianity, Hinduism, Islam, [Judaism,] Sikhism, and Taoism. f. Investigate the historical development and impact..."
Alabama-Course-of-Study-Social-Studies_2024pdf.pdf,Mecca,Mecca,76,"...Islam under Muhammad. Examples: Five Pillars of Islam, importance of [Mecca] and Medina, the Qur’an 3b Differentiate among the Islamic sects..."
Alabama-Course-of-Study-Social-Studies_2024pdf.pdf,Mecca,Mecca,76,"...Islam under Muhammad. Examples: Five Pillars of Islam, importance of [Mecca] and Medina, the Qur’an 3b Differentiate among the Islamic sects..."
California HSS Standards 1998.pdf,Mission,Mission,20,...people of California from the pre-Columbian societies to the Spanish [mission] and Mexican rancho periods. 1. Discuss the major nations of...
California HSS Standards 1998.pdf,Mission,Mission,20,...and function of the Spanish missions; and understand how the [mission] system expanded the influence of Spain and Catholicism throughout New...
Alabama-Course-of-Study-Social-Studies_2024pdf.pdf,Missionaries,Missionaries,57,"...the Edict of Nantes, Jamestown and the Virginia Company, Jesuit [missionaries] and conversion, overpopulation and English colonization, silver mining and Spain’s..."
Alabama-Course-of-Study-Social-Studies_2024pdf.pdf,Missionaries,Missionaries,70,"...explain how Buddhism influenced society in Classical India. Examples: Buddhist [missionaries,] construction of stupas 13 Explain the emergence and consolidation of..."
Alabama-Course-of-Study-Social-Studies_2024pdf.pdf,Missionaries,Missionaries,86,"...ideology, and colonialism. Examples: Berlin Conference, economic expansion, government paternalism, [missionaries] and religious conversion, nationalism, Social Darwinism 6b Summarize how the..."
Alabama-Course-of-Study-Social-Studies_2024pdf.pdf,Missionaries,Missionaries,99,"...the Pacific Islands in the late nineteenth century. Examples: Christian [missionaries,] establishment of overseas markets, purchase of Alaska, Robert Shufeldt’s treaties..."
Alask History Standards.pdf,Missionaries,Missionaries,8,"...source to draw conclusions analyzing tribal and western natives (e.g., [missionaries,] of the historical contributions about the role of the federal..."
Arizon SS Standards 2019.pdf,Missionaries,Missionaries,22,"...concepts include but are not limited to explorers, settlers, trappers, [missionaries,] and colonizers • Key events include but are not limited..."
Arizon SS Standards 2019.pdf,Missionaries,Missionaries,24,"...(Mesoamerican, American Indian, and political), settlers, women, landowners, organizations, colonists, [missionaries,] and enslaved and free Africans Thinking within the discipline involves..."
Arizon SS Standards 2019.pdf,Missionaries,Missionaries,27,...how religious beliefs of groups like the Quakers and Spanish [missionaries] led to questions about the morality of slavery and ideas...
California HSS Standards 1998.pdf,Missionaries,Missionaries,20,"...exploration and colonization of California, including the relationships among soldiers, [missionaries,] and Indians (e.g., Juan Crespi, Junipero Serra, Gaspar de Portola)...."
California HSS Standards 1998.pdf,Missionaries,Missionaries,38,...Council of Trent). 6. Understand the institution and impact of [missionaries] on Christianity and the diffu­ sion of Christianity from Europe...
Alabama-Course-of-Study-Social-Studies_2024pdf.pdf,Missionary,Missionary,104,"...Jane Addams’ democratic critique of imperialism, Josiah Strong and the [missionary] impulse 1a Explain how yellow journalism, jingoistic sentiments, and economic..."
Alask History Standards.pdf,Missionary,Missionary,4,"...[DOK 3] (H. B1d) Netsvetov) Alaska Native peoples. [DOK • [Missionary] activities 3] (G. D1, D4) — repeated • Russian dependence..."
Alask History Standards.pdf,Missionary,Missionary,7,"...[DOK 3] [DOK 3] (H. B1d) Netsvetov) (G. D1, D4) [•Missionary] activities AH. PPE 3 using texts/ •Russian dependence on Alaska..."
California HSS Standards 1998.pdf,Missionary,Missionary,50,"...by the search for national hegemony, Social Darwinism, and the [missionary] impulse; material issues such as land, resources, and technology). California..."
California HSS Standards 1998.pdf,Monasteries,Monasteries,36,...and the roles played by the early church and by [monasteries] in its diffusion after the fall of the western half...
Alabama-Course-of-Study-Social-Studies_2024pdf.pdf,Mormon,Mormon,42,"...wagon, cotton gin, steamboat, steam locomotive, telegraph; trails -Oregon Trail, [Mormon] Trail, Santa Fe Trail; conflicts -Texas Revolution (1835), Mexican-American War..."
Alabama-Course-of-Study-Social-Studies_2024pdf.pdf,Mormon,Mormon,95,"...as a whole. Examples: California Gold Rush and economic opportunity, [Mormon] Trail and religious freedom, Oregon Trail and the fur trade,..."
Alabama-Course-of-Study-Social-Studies_2024pdf.pdf,Muhammad,Muhammad,76,"...Spain 3a Outline the founding and development of Islam under [Muhammad.] Examples: Five Pillars of Islam, importance of Mecca and Medina,..."
Alabama-Course-of-Study-Social-Studies_2024pdf.pdf,Muhammad,Muhammad,76,"...among the Islamic sects that developed after the death of [Muhammad.] Examples: Kharijites, Shi’ites, Sufism, Sunnis 3c Analyze the influence of..."
California HSS Standards 1998.pdf,Muhammad,Muhammad,35,"...the origins of Islam and the life and teachings of [Muhammad,] including Islamic teachings on the connection with Judaism and Christianity...."
California HSS Standards 1998.pdf,Muslim,Muslim,35,"...influence in Muslims’ daily life. 4. Discuss the expansion of [Muslim] rule through military conquests and treaties, empha­ sizing the cultural..."
California HSS Standards 1998.pdf,Muslim,Muslim,35,"...military conquests and treaties, empha­ sizing the cultural blending within [Muslim] civilization and the spread and acceptance of Islam and the..."
California HSS Standards 1998.pdf,Muslim,Muslim,35,...merchants in Arab society. 6. Understand the intellectual exchanges among [Muslim] scholars of Eurasia and Africa and the contributions Muslim scholars...
California HSS Standards 1998.pdf,Muslim,Muslim,35,"...among Muslim scholars of Eurasia and Africa and the contributions [Muslim] scholars made to later civilizations in the areas of science,..."
California HSS Standards 1998.pdf,Muslim,Muslim,37,"...the religious Crusades and their effects on the Chris­ tian, [Muslim,] and Jewish populations in Europe, with emphasis on the increasing..."
California HSS Standards 1998.pdf,Muslim,Muslim,37,...“natural law”). 9. Know the history of the decline of [Muslim] rule in the Iberian Peninsula that culmi­ nated in the...
California HSS Standards 1998.pdf,Muslim,Muslim,38,"...the Scientific Revolution (e.g., Greek rationalism; Jewish, Chris­ tian, and [Muslim] science; Renaissance humanism; new knowledge from global explo­ ration). California..."
Connecticu socialstudiesframeworks2015.pdf,Muslim,Muslim,82,"...program in China) • Defining Regions (Religious Representations: Christian, Buddhist, [Muslim)] Themes and regions are listed in a recommended order, but..."
Alabama-Course-of-Study-Social-Studies_2024pdf.pdf,Orthodox,Orthodox,76,...of Eastern Orthodoxy and Western Christianity and explain how the [Orthodox] Church influenced society and culture in Eastern Europe and Central...
Alask History Standards.pdf,Orthodox,Orthodox,4,"...(e.g., language, hunting response to use of natural (i.e., Russian [Orthodox] and developments (e.g., topics will also be peoples and gathering..."
Alask History Standards.pdf,Orthodox,Orthodox,7,"...hunting and gathering response to use of natural (i.e., Russian [Orthodox] and developments (e.g., •Relationships with indigenous practices, art, music/dance, resources..."
California HSS Standards 1998.pdf,Orthodox,Orthodox,34,"...consequences of the development of two distinct European civilizations, Eastern [Orthodox] and Roman Catholic, and their two distinct views on church-state..."
Alabama-Course-of-Study-Social-Studies_2024pdf.pdf,Persecution,Persecution,57,"...as why individuals migrated to the colonies, including mercantilism, religious [persecution,] poverty, oppression, and new opportunities. Examples: French Huguenots and the..."
Alabama-Course-of-Study-Social-Studies_2024pdf.pdf,Persecution,Persecution,87,"...relocation, resistors 11 Explain the Holocaust as the state-sponsored, systematic [persecution] and mass murder of Europe’s Jews and other minorities by..."
Alabama-Course-of-Study-Social-Studies_2024pdf.pdf,Persecution,Persecution,151,"...Holocaust (the state-sponsored, systematic murder of Europe’s Jews) and the [persecution] and murder of millions of other “undesirables” by Nazi Germany...."
Alabama-Course-of-Study-Social-Studies_2024pdf.pdf,Persecution,Persecution,153,...definition of the Holocaust as the planned and systematic state-sponsored [persecution] and murder of European Jews by Nazi Germany and its...
Alabama-Course-of-Study-Social-Studies_2024pdf.pdf,Persecution,Persecution,155,"...and how it transitioned the Nazis’ antisemitic activities from targeted [persecution] and antisemitic policy to open, public violence against Jews in..."
Alabama-Course-of-Study-Social-Studies_2024pdf.pdf,Persecution,Persecution,155,...and world responses to the November pogrom (Kristallnacht) and the [persecution] of Jews in Germany and Nazi-controlled territories. 9 Describe how...
Alabama-Course-of-Study-Social-Studies_2024pdf.pdf,Persecution,Persecution,155,...1930s and 1940s. 9c Describe how Alabamians responded to Nazi [persecution] of the Jews in Europe.* Examples: 1943 Legislative Resolution calling...
California HSS Standards 1998.pdf,Persecution,Persecution,38,"...science, including how that cooperation was terminated by the religious [persecution] of individuals and groups (e.g., the Spanish Inquisition and the..."
California HSS Standards 1998.pdf,Persecution,Persecution,55,"...Cite incidences of religious intolerance in the United States (e.g., [persecution] of Mormons, anti-Catholic sentiment, anti-Semitism). California Department of Education Created..."
California HSS Standards 1998.pdf,Protestant,Protestant,24,"...explore and colonize the world (e.g., the Spanish Reconquista, the [Protestant] Reformation, the Counter Reformation). 3. Trace the routes of the..."
California HSS Standards 1998.pdf,Protestant,Protestant,38,...European regions that remained Catholic and those that be­ came [Protestant] and explain how the division affected the distribution of religions...
Colorado 2020 Social Studies - Academic Standards.pdf,Protestant,Protestant,103,"...Academic Context and Connections history. For example: the Renaissance; the [Protestant] Reformation; the Colorado Essential Skills: Industrial Revolution; the French, Russian,..."
Colorado 2020 Social Studies - Academic Standards.pdf,Protestant,Protestant,103,...world history. For example: Inquiry/Analysis) religious rifts such as the [Protestant] Reformation and the Shiite/Sunni split 2. Apply knowledge and skills...
Alabama-Course-of-Study-Social-Studies_2024pdf.pdf,Reformation,Reformation,57,"...mining and Spain’s economic growth 2a Summarize how the Crusades, [Reformation,] and Renaissance influenced European exploration and describe how individuals contributed..."
Alabama-Course-of-Study-Social-Studies_2024pdf.pdf,Reformation,Reformation,57,"...mining and Spain’s economic growth 2a Summarize how the Crusades, [Reformation,] and Renaissance influenced European exploration and describe how individuals contributed..."
Alabama-Course-of-Study-Social-Studies_2024pdf.pdf,Reformation,Reformation,73,...the Fall of Rome 2. Medieval Societies 3. Renaissance and [Reformation] 4. Age of Exploration and Colonization in the Americas 5....
Alabama-Course-of-Study-Social-Studies_2024pdf.pdf,Reformation,Reformation,73,...the Fall of Rome 2. Medieval Societies 3. Renaissance and [Reformation] 4. Age of Exploration and Colonization in the Americas 5....
Alabama-Course-of-Study-Social-Studies_2024pdf.pdf,Reformation,Reformation,78,"...political, and economic changes leading up to the Renaissance and [Reformation] in later medieval Europe and surrounding regions. 8a Explain the..."
Alabama-Course-of-Study-Social-Studies_2024pdf.pdf,Reformation,Reformation,78,"...Queen Isabella of Spain, Saint Hildegard of Bingen RENAISSANCE AND [REFORMATION] 9 Describe cultural and economic developments in Italy and Northern..."
Alabama-Course-of-Study-Social-Studies_2024pdf.pdf,Reformation,Reformation,78,...the microscope 10 Analyze the factors that contributed to the [Reformation] and explain how it affected the religious and political unity...
Alabama-Course-of-Study-Social-Studies_2024pdf.pdf,Reformation,Reformation,78,"...and translations of the Bible 10c Summarize responses to the [Reformation,] including the Counter-Reformation, English Reformation, and religious conflicts, and cite..."
Alabama-Course-of-Study-Social-Studies_2024pdf.pdf,Reformation,Reformation,78,"...the Bible 10c Summarize responses to the Reformation, including the [Counter-Reformation,] English Reformation, and religious conflicts, and cite the roles of..."
Alabama-Course-of-Study-Social-Studies_2024pdf.pdf,Reformation,Reformation,78,"...10c Summarize responses to the Reformation, including the Counter-Reformation, English [Reformation,] and religious conflicts, and cite the roles of central figures..."
Alabama-Course-of-Study-Social-Studies_2024pdf.pdf,Reformation,Reformation,78,"...political, and economic changes leading up to the Renaissance and [Reformation] in later medieval Europe and surrounding regions. 8a Explain the..."
Alabama-Course-of-Study-Social-Studies_2024pdf.pdf,Reformation,Reformation,78,"...Queen Isabella of Spain, Saint Hildegard of Bingen RENAISSANCE AND [REFORMATION] 9 Describe cultural and economic developments in Italy and Northern..."
Alabama-Course-of-Study-Social-Studies_2024pdf.pdf,Reformation,Reformation,78,...the microscope 10 Analyze the factors that contributed to the [Reformation] and explain how it affected the religious and political unity...
Alabama-Course-of-Study-Social-Studies_2024pdf.pdf,Reformation,Reformation,78,"...and translations of the Bible 10c Summarize responses to the [Reformation,] including the Counter-Reformation, English Reformation, and religious conflicts, and cite..."
Alabama-Course-of-Study-Social-Studies_2024pdf.pdf,Reformation,Reformation,78,"...the Bible 10c Summarize responses to the Reformation, including the [Counter-Reformation,] English Reformation, and religious conflicts, and cite the roles of..."
Alabama-Course-of-Study-Social-Studies_2024pdf.pdf,Reformation,Reformation,78,"...10c Summarize responses to the Reformation, including the Counter-Reformation, English [Reformation,] and religious conflicts, and cite the roles of central figures..."
Alabama-Course-of-Study-Social-Studies_2024pdf.pdf,Reformation,Reformation,80,"...movements, including Classical Greece and Rome, Christianity, the Renaissance, the [Reformation,] and the Scientific Revolution. 2024 Alabama Course of Study: Social..."
Alabama-Course-of-Study-Social-Studies_2024pdf.pdf,Reformation,Reformation,80,"...movements, including Classical Greece and Rome, Christianity, the Renaissance, the [Reformation,] and the Scientific Revolution. 2024 Alabama Course of Study: Social..."
Arizon SS Standards 2019.pdf,Reformation,Reformation,32,...CULTURES OF THE EASTERN HEMISPHERE early civilizations - Renaissance & [Reformation] The content focus will be viewed through geographic and historical...
Arizon SS Standards 2019.pdf,Reformation,Reformation,32,"...Origins, accomplishments, and geographic diffusion of the Renaissance and the [Reformation] • Ancient and modern geography of the Eastern Hemisphere •..."
Arizon SS Standards 2019.pdf,Reformation,Reformation,32,...CULTURES OF THE EASTERN HEMISPHERE early civilizations - Renaissance & [Reformation] The content focus will be viewed through geographic and historical...
Arizon SS Standards 2019.pdf,Reformation,Reformation,32,"...Origins, accomplishments, and geographic diffusion of the Renaissance and the [Reformation] • Ancient and modern geography of the Eastern Hemisphere •..."
California HSS Standards 1998.pdf,Reformation,Reformation,24,"...and colonize the world (e.g., the Spanish Reconquista, the Protestant [Reformation,] the Counter Reformation). 3. Trace the routes of the major..."
California HSS Standards 1998.pdf,Reformation,Reformation,24,"...world (e.g., the Spanish Reconquista, the Protestant Reformation, the Counter [Reformation).] 3. Trace the routes of the major land explorers of..."
California HSS Standards 1998.pdf,Reformation,Reformation,24,"...and colonize the world (e.g., the Spanish Reconquista, the Protestant [Reformation,] the Counter Reformation). 3. Trace the routes of the major..."
California HSS Standards 1998.pdf,Reformation,Reformation,24,"...world (e.g., the Spanish Reconquista, the Protestant Reformation, the Counter [Reformation).] 3. Trace the routes of the major land explorers of..."
California HSS Standards 1998.pdf,Reformation,Reformation,38,...William Shakespeare). 7.9 Students analyze the historical developments of the [Reformation.] 1. List the causes for the internal turmoil in and...
California HSS Standards 1998.pdf,Reformation,Reformation,38,"...political, and economic ideas of the major figures during the [Reformation] (e.g., Desiderius Erasmus, Martin Luther, John Calvin, William Tyndale). 3...."
California HSS Standards 1998.pdf,Reformation,Reformation,38,...of religions in the New World. 5. Analyze how the [Counter-Reformation] revitalized the Catholic church and the forces that fostered the...
California HSS Standards 1998.pdf,Reformation,Reformation,38,...William Shakespeare). 7.9 Students analyze the historical developments of the [Reformation.] 1. List the causes for the internal turmoil in and...
California HSS Standards 1998.pdf,Reformation,Reformation,38,"...political, and economic ideas of the major figures during the [Reformation] (e.g., Desiderius Erasmus, Martin Luther, John Calvin, William Tyndale). 3...."
California HSS Standards 1998.pdf,Reformation,Reformation,38,...of religions in the New World. 5. Analyze how the [Counter-Reformation] revitalized the Catholic church and the forces that fostered the...
California HSS Standards 1998.pdf,Reformation,Reformation,39,"...traced back to such move­ ments as the Renaissance, the [Reformation,] and the Scientific Revolution and to the Greeks, Romans, and..."
California HSS Standards 1998.pdf,Reformation,Reformation,39,"...traced back to such move­ ments as the Renaissance, the [Reformation,] and the Scientific Revolution and to the Greeks, Romans, and..."
Colorado 2020 Social Studies - Academic Standards.pdf,Reformation,Reformation,103,"...Context and Connections history. For example: the Renaissance; the Protestant [Reformation;] the Colorado Essential Skills: Industrial Revolution; the French, Russian, and..."
Colorado 2020 Social Studies - Academic Standards.pdf,Reformation,Reformation,103,...history. For example: Inquiry/Analysis) religious rifts such as the Protestant [Reformation] and the Shiite/Sunni split 2. Apply knowledge and skills to...
Colorado 2020 Social Studies - Academic Standards.pdf,Reformation,Reformation,103,"...Context and Connections history. For example: the Renaissance; the Protestant [Reformation;] the Colorado Essential Skills: Industrial Revolution; the French, Russian, and..."
Colorado 2020 Social Studies - Academic Standards.pdf,Reformation,Reformation,103,...history. For example: Inquiry/Analysis) religious rifts such as the Protestant [Reformation] and the Shiite/Sunni split 2. Apply knowledge and skills to...
Alabama-Course-of-Study-Social-Studies_2024pdf.pdf,Religion,Religion,2,"...not discriminate on the basis of race, color, disability, sex, [religion,] national origin, or age in their programs, activities, or employment..."
Alabama-Course-of-Study-Social-Studies_2024pdf.pdf,Religion,Religion,11,...not limited to: ● Anthropology ● Economics ● History ● [Religion] ● Archaeology ● Geography ● Philosophy ● Sociology ● Civics...
Alabama-Course-of-Study-Social-Studies_2024pdf.pdf,Religion,Religion,29,"...the Constitution of the United States. Examples: equality, freedom of [religion,] independence, individual rights, liberty, limited government 2 Identify the three..."
Alabama-Course-of-Study-Social-Studies_2024pdf.pdf,Religion,Religion,37,"...1700s, including differing beliefs regarding culture, land use and ownership, [religion,] and trade. 11 Describe French expeditions and colonization of Alabama,..."
Alabama-Course-of-Study-Social-Studies_2024pdf.pdf,Religion,Religion,63,"...exercise these rights in today’s society. Examples: freedom of speech, [religion,] and assembly; right to counsel 17a Trace the origins of..."
Alabama-Course-of-Study-Social-Studies_2024pdf.pdf,Religion,Religion,70,"...and terracotta pottery, pastoralism 9b Describe common tenets of indigenous [religion] practiced in Africa, including the beliefs of the Ashanti, Dogon,..."
Alabama-Course-of-Study-Social-Studies_2024pdf.pdf,Religion,Religion,70,"...agriculture (slash-and-burn), terrace farming, three sisters farming 10c Describe how [religion,] architecture, and politics intersected in early Indigenous civilizations, including the..."
Alabama-Course-of-Study-Social-Studies_2024pdf.pdf,Religion,Religion,71,"...cultural development across multiple continents. Examples: cultural exchange, dissemination of [religion,] Mogao Caves, monopoly CLASSICAL GREECE AND ROME 14 Summarize cultural..."
Alabama-Course-of-Study-Social-Studies_2024pdf.pdf,Religion,Religion,76,"...2b Evaluate the cultural contributions of the Byzantines to art, [religion,] and architecture. Examples: Cyrillic alphabet, Hagia Sophia, mosaics, preservation of..."
Alabama-Course-of-Study-Social-Studies_2024pdf.pdf,Religion,Religion,76,"...the Yuan Dynasty, Pax Mongolica 4c Analyze the evolution of [religion] in Asia, including the growth of Buddhism, Hinduism, Jainism, and..."
Alabama-Course-of-Study-Social-Studies_2024pdf.pdf,Religion,Religion,77,"...with Asia 5b Trace the spread of culture, language, and [religion] among African civilizations. Examples: Ethiopia and Christianity, role of griots,..."
Alabama-Course-of-Study-Social-Studies_2024pdf.pdf,Religion,Religion,80,...Nobunaga and unification of Japan 16b Explain the effects of [religion] on Japanese society and politics. Examples: acceptance and suppression of...
Alabama-Course-of-Study-Social-Studies_2024pdf.pdf,Religion,Religion,80,"...17 Analyze the influence of the Scientific Revolution on European [religion] and society, including the astronomical theories of Nicolaus Copernicus and..."
Alabama-Course-of-Study-Social-Studies_2024pdf.pdf,Religion,Religion,96,"...information on the influence of individuals and movements of art, [religion,] education, and literature on the emergence of a national identity...."
Alabama-Course-of-Study-Social-Studies_2024pdf.pdf,Religion,Religion,119,"...the functioning of the United States government. Examples: freedom of [religion,] freedom of the press, majority rule and minority rights, right..."
Alabama-Course-of-Study-Social-Studies_2024pdf.pdf,Religion,Religion,131,"...research and discuss influences of demographics, genetics, personal behaviors, and [religion] upon society. Course Topics: 1. Sociology Overview 2. Self and..."
Alabama-Course-of-Study-Social-Studies_2024pdf.pdf,Religion,Religion,144,"...of culture, including architecture, art, belief systems, customs, food, languages, [religion,] technology, and traditions. Examples: a dastār to symbolize piety in..."
Alabama-Course-of-Study-Social-Studies_2024pdf.pdf,Religion,Religion,145,"...and conflict. Examples: centrifugal and centripetal forces 7 Describe ways [religion] influences cultures, citing examples from around the globe. 7a Identify..."
Alabama-Course-of-Study-Social-Studies_2024pdf.pdf,Religion,Religion,145,"...cultures, including marriages, funerals, and coming-of-age rituals. 7c Explain how [religion] influences political views around the world. 8 Compare and contrast..."
Alabama-Course-of-Study-Social-Studies_2024pdf.pdf,Religion,Religion,153,...the historical and modern antisemitic beliefs about Jewish life and [religion.] 2b Analyze how the Nazi regime utilized and built on...
Alaska Government-and-Citizenship.pdf,Religion,Religion,1,"...system, patriotism, strong family American political units, and freedom of [religion;] system and the 3)understand the United States Constitution, including separation..."
Arizon SS Standards 2019.pdf,Religion,Religion,19,"...societies. • Key concepts include but are not limited to [religion,] governments, economic systems, and education Arizona History and Social Science..."
Arizon SS Standards 2019.pdf,Religion,Religion,29,"...groups, joining political parties, using the First Amendment (free speech, [religion,] press, assembly, petition), censorship, voting in elections, running for office,..."
Arizon SS Standards 2019.pdf,Religion,Religion,34,"...major landforms and water bodies, countries, cities, ecosystems, climate, languages, [religion,] economic systems, governmental systems, population patterns, disease, trade routes, and..."
Arizon SS Standards 2019.pdf,Religion,Religion,35,"...and differences between major world religions and the role of [religion] in the formation of regions and their cultural, political, economic,..."
Arizon SS Standards 2019.pdf,Religion,Religion,45,"...civil society, justice, representative government, checks and balances, freedom of [religion,] civilian control of the military, and equality • Public policy..."
Arizon SS Standards 2019.pdf,Religion,Religion,53,"...to societal needs and changes. • HS.H3.2 Analyze how ideologies, [religion,] and belief systems have influenced economic, political, and social institutions..."
California HSS Standards 1998.pdf,Religion,Religion,25,"...period, the growth of religious toleration, and free exercise of [religion.] 5. Understand how the British colonial period created the basis..."
California HSS Standards 1998.pdf,Religion,Religion,31,...centers of culture and power. 3. Understand the relationship between [religion] and the social and political order in Mesopotamia and Egypt....
California HSS Standards 1998.pdf,Religion,Religion,31,...the origins and significance of Judaism as the first monotheistic [religion] based on the concept of one God who sets down...
California HSS Standards 1998.pdf,Religion,Religion,31,...and Yohanan ben Zaccai in the development of the Jewish [religion.] 4. Discuss the locations of the settlements and movements of...
California HSS Standards 1998.pdf,Religion,Religion,51,"...Sun Yat-sen in China, and the roles of ideology and [religion.] 10.5 Students analyze the causes and course of the First..."
California HSS Standards 1998.pdf,Religion,Religion,55,"...ment, Theodore Roosevelt, Hiram Johnson). 11.3 Students analyze the role [religion] played in the founding of America, its lasting moral, social,..."
California HSS Standards 1998.pdf,Religion,Religion,62,"...of Rights and how each is secured (e.g., freedom of [religion,] speech, press, assembly, petition, privacy). 2. Explain how economic rights..."
California HSS Standards 1998.pdf,Religion,Religion,63,56 GRADE TWELVE 3. Discuss the historical role of [religion] and religious diversity. 4. Compare the relationship of government and...
California HSS Standards 1998.pdf,Religion,Religion,63,"...of Rights over time, including interpretations of the basic freedoms [(religion,] speech, press, petition, and assembly) articulated in the First Amendment..."
California HSS Standards 1998.pdf,Religion,Religion,66,...and the right to a fair trial; the relationship of [religion] and government. Principles of Economics 12.1 Students understand common economic...
Colorado 2020 Social Studies - Academic Standards.pdf,Religion,Religion,101,"...of Inquiry/Analysis) patriotism, expansion of rights, and the role of [religion.] 2. Apply knowledge and skills to implement sophisticated, appropriate, and..."
Colorado 2020 Social Studies - Academic Standards.pdf,Religion,Religion,108,"...of people on Earth? diffusion/assimilation. For example: human rights, language, [religion,] and 2. How do cooperation and conflict influence the division..."
Connecticu socialstudiesframeworks2015.pdf,Religion,Religion,75,...play in the American Revolution? • Why was freedom of [religion] an important reason for people to leave Europe and colonize...
Connecticu socialstudiesframeworks2015.pdf,Religion,Religion,119,"...• Revolutions in Thought that have diffused globally such as [religion] or ͳ Evaluate how the Scientific Revolution language. affected religious,..."
Connecticu socialstudiesframeworks2015.pdf,Religion,Religion,124,...the events of the Arab Spring? • What role did [religion] play in the political events of the Arab Spring? •...
Connecticu socialstudiesframeworks2015.pdf,Religion,Religion,135,"...of the late 19th and early 20th centuries (race, ethnicity, [religion)] • Great Depression (economic justice) • Global wars (economic role..."
Alabama-Course-of-Study-Social-Studies_2024pdf.pdf,Religious,Religious,12,"...different regions, vocations, racial and ethnic groups, political orientations, and [religious] affiliations. The Committee and Task Force sought to engage many..."
Alabama-Course-of-Study-Social-Studies_2024pdf.pdf,Religious,Religious,29,"...settlement of the American colonies. Examples: economic opportunities, political liberty, [religious] freedom 1b Identify American principles found within the Declaration of..."
Alabama-Course-of-Study-Social-Studies_2024pdf.pdf,Religious,Religious,31,"...automobile; why -desire for better quality of life, economic and [religious] freedom and opportunities; family connections; disasters 14a Describe the experiences..."
Alabama-Course-of-Study-Social-Studies_2024pdf.pdf,Religious,Religious,37,"...in the Mississippian Period, contrasting social customs, political organization, and [religious] practices. Examples: Alabama, Cherokee, Chickasaw, Choctaw, Coushatta, Muscogee Creek, Shawnee,..."
Alabama-Course-of-Study-Social-Studies_2024pdf.pdf,Religious,Religious,43,"...slave trade - relocation, family separations; cultural practices -folktales, foodways, [religious] traditions 12c Explain how the Indian Removal Act (1830), Second..."
Alabama-Course-of-Study-Social-Studies_2024pdf.pdf,Religious,Religious,57,"...well as why individuals migrated to the colonies, including mercantilism, [religious] persecution, poverty, oppression, and new opportunities. Examples: French Huguenots and..."
Alabama-Course-of-Study-Social-Studies_2024pdf.pdf,Religious,Religious,58,"...James Oglethorpe, Nathaniel Bacon 5 Explain how the desire for [religious] freedom served as a motivation for establishing colonies. Examples: John..."
Alabama-Course-of-Study-Social-Studies_2024pdf.pdf,Religious,Religious,58,"...Moravians, William Penn and Pennsylvania 5a Summarize efforts to limit [religious] freedom in the colonies. Examples: established churches, Maryland Toleration Act,..."
Alabama-Course-of-Study-Social-Studies_2024pdf.pdf,Religious,Religious,58,"...Examples: established churches, Maryland Toleration Act, Requerimiento, Rhode Island and [religious] exile, Salem Witch Trials 5b Describe the contributions of colonists..."
Alabama-Course-of-Study-Social-Studies_2024pdf.pdf,Religious,Religious,58,"...Trials 5b Describe the contributions of colonists in bringing about [religious] change in colonial society. Examples: Anne Hutchinson, Bartolomé de Las..."
Alabama-Course-of-Study-Social-Studies_2024pdf.pdf,Religious,Religious,59,"...reason, George Whitefield, Jonathan Edwards, New Lights v. Old Lights, [religious] liberty, revivals 6 Trace the economic and cultural interactions across..."
Alabama-Course-of-Study-Social-Studies_2024pdf.pdf,Religious,Religious,63,"...first Cabinet, establishment of the District of Columbia, commitment to [religious] freedom (Letter to the Hebrew Congregation at Newport), and the..."
Alabama-Course-of-Study-Social-Studies_2024pdf.pdf,Religious,Religious,69,"...pyramids, tomb of Tutankhamun 7c Summarize the social structure and [religious] beliefs of ancient Egypt. 7d Describe the achievement of key..."
Alabama-Course-of-Study-Social-Studies_2024pdf.pdf,Religious,Religious,70,"...Africa, including the beliefs of the Ashanti, Dogon, and Igbo [religious] traditions. Examples: ancestor worship, animism, oral tradition, theism 9c Describe..."
Alabama-Course-of-Study-Social-Studies_2024pdf.pdf,Religious,Religious,70,...Hinduism as well as a caste system emerged from different [religious] beliefs and schools of philosophy. 12b Describe how geographic conditions...
Alabama-Course-of-Study-Social-Studies_2024pdf.pdf,Religious,Religious,77,"...societies. Examples: irrigation, Mayan Calendar, Mesoamerican Codices 6c Explain how [religious] beliefs and practices shaped culture in Indigenous societies. 7 Outline..."
Alabama-Course-of-Study-Social-Studies_2024pdf.pdf,Religious,Religious,77,"...in Indigenous societies. 7 Outline the social, cultural, economic, and [religious] developments of early medieval Europe. 7a Compare and contrast the..."
Alabama-Course-of-Study-Social-Studies_2024pdf.pdf,Religious,Religious,78,...contributed to the Reformation and explain how it affected the [religious] and political unity of Europe. 10a Summarize the policies and...
Alabama-Course-of-Study-Social-Studies_2024pdf.pdf,Religious,Religious,78,"...the Roman Catholic Church that led to conflict with both [religious] reformers and secular authorities. Examples: indulgences, Latin Bible and Mass,..."
Alabama-Course-of-Study-Social-Studies_2024pdf.pdf,Religious,Religious,78,"...Mass, simony, Western Schism and conciliarism 10b Describe the political, [religious,] and social contributions of reformers in Europe, including Martin Luther..."
Alabama-Course-of-Study-Social-Studies_2024pdf.pdf,Religious,Religious,78,"...responses to the Reformation, including the Counter-Reformation, English Reformation, and [religious] conflicts, and cite the roles of central figures in these..."
Alabama-Course-of-Study-Social-Studies_2024pdf.pdf,Religious,Religious,79,"...and Vasco de Gama 11b Explain the economic, political, and [religious] factors that fostered exploration, including mercantilism. 11c Analyze the consequences..."
Alabama-Course-of-Study-Social-Studies_2024pdf.pdf,Religious,Religious,86,"...colonialism. Examples: Berlin Conference, economic expansion, government paternalism, missionaries and [religious] conversion, nationalism, Social Darwinism 6b Summarize how the actions of..."
Alabama-Course-of-Study-Social-Studies_2024pdf.pdf,Religious,Religious,95,"...Examples: California Gold Rush and economic opportunity, Mormon Trail and [religious] freedom, Oregon Trail and the fur trade, Santa Fe Trail..."
Alabama-Course-of-Study-Social-Studies_2024pdf.pdf,Religious,Religious,97,"...church, Nat Turner’s Rebellion, self-emancipation 10b Describe the rise of [religious] opposition to slavery during the Second Great Awakening, including the..."
Alabama-Course-of-Study-Social-Studies_2024pdf.pdf,Religious,Religious,145,"...elaborate venues for sporting events, large number of structures for [religious] observances, multi-lane superhighways, presence of wind farms or coal-fired power..."
Alabama-Course-of-Study-Social-Studies_2024pdf.pdf,Religious,Religious,145,"...differ between rural and urban locations. Examples: commercial, defensive, educational, [religious] 6 Explain the extent and forms of linguistic distribution around..."
Alabama-Course-of-Study-Social-Studies_2024pdf.pdf,Religious,Religious,145,"...areas of expansion. 7b Compare and contrast ceremonies based on [religious] traditions in a variety of cultures, including marriages, funerals, and..."
Alabama-Course-of-Study-Social-Studies_2024pdf.pdf,Religious,Religious,155,"...territories.* 8a Assess how the destruction of Jewish cultural and [religious] institutions affected German Jews. Examples: synagogues, yeshivas 8b Critique American..."
Arizon SS Standards 2019.pdf,Religious,Religious,5,"...to G3: Examining human population and H3: Economic, political, and [religious] principles these institutions are systems. develop claims and answer historical,..."
Arizon SS Standards 2019.pdf,Religious,Religious,6,"...places, and environments. o t s H3: Economic, political, and [religious] ideas and institutions have influenced history and continue to shape..."
Arizon SS Standards 2019.pdf,Religious,Religious,19,"...and/or culture in place or region studied. Economic, political, and [religious] ideas and institutions have influenced history and continue to shape..."
Arizon SS Standards 2019.pdf,Religious,Religious,22,"...plants, animals, Arizona’s 22 Indian Nations, diverse ethnic, racial, and [religious] cultures Human-environment interactions are essential aspects of human life in..."
Arizon SS Standards 2019.pdf,Religious,Religious,23,"...groups have worked together throughout Arizona’s history. Economic, political, and [religious] ideas and institutions have influenced history and continue to shape..."
Arizon SS Standards 2019.pdf,Religious,Religious,25,"...slavery and the slave trade, indentured servitude, The Mayflower Compact, [religious] freedom, and European treatment of native cultures in the Americas..."
Arizon SS Standards 2019.pdf,Religious,Religious,27,"Economic, political, and [religious] ideas and institutions have influenced history and continue to shape..."
Arizon SS Standards 2019.pdf,Religious,Religious,27,"...the modern world. ● 4.H3.1 Examine how economic, political, and [religious] ideas and institutions have influenced the development of individual rights,..."
Arizon SS Standards 2019.pdf,Religious,Religious,27,"...of new cultures to develop a distinct African-American culture, how [religious] tensions in the New England Colonies established colonies founded on..."
Arizon SS Standards 2019.pdf,Religious,Religious,27,"...tensions in the New England Colonies established colonies founded on [religious] tolerance, ways in which society expresses itself (art, music, dance,..."
Arizon SS Standards 2019.pdf,Religious,Religious,27,"...expresses itself (art, music, dance, crafts, and writings), and how [religious] beliefs of groups like the Quakers and Spanish missionaries led..."
Arizon SS Standards 2019.pdf,Religious,Religious,32,"...and historical lenses. Sixth grade students will understand the cultural, [religious,] economic, and political systems of selected societies in the Eastern..."
Arizon SS Standards 2019.pdf,Religious,Religious,32,"...civilizations such as Greek, Roman, Persian, and Chinese (political, social, [religious,] and economic systems) • Rise and fall of empires and..."
Arizon SS Standards 2019.pdf,Religious,Religious,32,"...Hemisphere during the Middle Ages with regards to political, social, [religious,] and economic systems • Origins, accomplishments, and geographic diffusion of..."
Arizon SS Standards 2019.pdf,Religious,Religious,35,"...such as control and use of natural resources, political power, [religious] rivalry, acquisition of wealth, cultural diversity, and economic rivalry Economic,..."
Arizon SS Standards 2019.pdf,Religious,Religious,35,"...of wealth, cultural diversity, and economic rivalry Economic, political, and [religious] ideas and institutions have influenced history and continue to shape..."
Arizon SS Standards 2019.pdf,Religious,Religious,35,"...shape the modern world. ● 6.H3.1 Analyze the impact of [religious,] government, and civic groups over time. ● 6.H3.2 Generate questions..."
Arizon SS Standards 2019.pdf,Religious,Religious,39,"...effects of conflict and approaches to peacemaking. Economic, political, and [religious] ideas and institutions have influenced history and continue to shape..."
Arizon SS Standards 2019.pdf,Religious,Religious,39,...Compare the origins and spread of influential ideologies and both [religious] and non-religious worldviews. ● 7.H3.2 Analyze how economic and political...
Arizon SS Standards 2019.pdf,Religious,Religious,39,...origins and spread of influential ideologies and both religious and [non-religious] worldviews. ● 7.H3.2 Analyze how economic and political motivations impact...
Arizon SS Standards 2019.pdf,Religious,Religious,43,"...competition over resources have affected government policies. Economic, political, and [religious] ideas and institutions have influenced history and continue to shape..."
Arizon SS Standards 2019.pdf,Religious,Religious,43,"...world. ● 8.H3.1 Explain how and why prevailing civil, social, [religious,] and political movements changed the United States during the 20th..."
Arizon SS Standards 2019.pdf,Religious,Religious,47,"...slavery, changes in the political democracy after 1800, and cultural, [religious,] and reform movements in the Antebellum period • Civil War..."
Arizon SS Standards 2019.pdf,Religious,Religious,47,"...immigration and migration, progressivism, Federal Indian Policy, suffrage movements, racial, [religious] and class conflict, the growth of the United States as..."
Arizon SS Standards 2019.pdf,Religious,Religious,48,"...Hinduism, Islam, Judaism, Shintoism, Sikhism, Taoism, and as well as [non-religious] worldviews and ideologies (origins, founders, major tenets, practices, and sacred..."
Arizon SS Standards 2019.pdf,Religious,Religious,53,"...causes and effects of isolationism and globalism. Economic, political, and [religious] ideas and institutions have influenced history and continue to shape..."
California HSS Standards 1998.pdf,Religious,Religious,16,"...ago and in the recent past. 1. Describe national identities, [religious] beliefs, customs, and various folklore traditions. 2. Discuss the ways..."
California HSS Standards 1998.pdf,Religious,Religious,17,"...continue to come to the region, including their cultural and [religious] traditions and contributions. 2. Describe the economies established by settlers..."
California HSS Standards 1998.pdf,Religious,Religious,20,"...California Indians, including their geographic distribution, economic activities, legends, and [religious] beliefs; and describe how they depended on, adapted to, and..."
California HSS Standards 1998.pdf,Religious,Religious,25,"18 GRADE FIVE 5.4 Students understand the political, [religious,] social, and economic institutions that evolved in the colonial era...."
California HSS Standards 1998.pdf,Religious,Religious,25,"...Maryland; William Bradford, Plymouth; John Winthrop, Massachusetts). 3. Describe the [religious] aspects of the earliest colonies (e.g., Puritanism in Massachu­ setts,..."
California HSS Standards 1998.pdf,Religious,Religious,25,"...of the First Great Awakening, which marked a shift in [religious] ideas, practices, and allegiances in the colonial period, the growth..."
California HSS Standards 1998.pdf,Religious,Religious,25,"...practices, and allegiances in the colonial period, the growth of [religious] toleration, and free exercise of religion. 5. Understand how the..."
California HSS Standards 1998.pdf,Religious,Religious,25,"...the causes of the American Revolution. 1. Understand how political, [religious,] and economic ideas and interests brought about the Revolution (e.g.,..."
California HSS Standards 1998.pdf,Religious,Religious,31,"24 GRADE SIX 6.2 Students analyze the geographic, political, economic, [religious,] and social structures of the early civilizations of Mesopotamia, Egypt,..."
California HSS Standards 1998.pdf,Religious,Religious,31,"...its written forms. 6.3 Students analyze the geographic, political, economic, [religious,] and social structures of the Ancient Hebrews. 1. Describe the..."
California HSS Standards 1998.pdf,Religious,Religious,32,"GRADE SIX 25 6.4 Students analyze the geographic, political, economic, [religious,] and social structures of the early civilizations of Ancient Greece...."
California HSS Standards 1998.pdf,Religious,Religious,32,"...Aristotle, Euclid, Thucydides). 6.5 Students analyze the geographic, political, economic, [religious,] and social structures of the early civilizations of India. 1...."
California HSS Standards 1998.pdf,Religious,Religious,33,"26 GRADE SIX 6.6 Students analyze the geographic, political, economic, [religious,] and social structures of the early civilizations of China. 1...."
California HSS Standards 1998.pdf,Religious,Religious,33,"...the Han Dynasty. 6.7 Students analyze the geographic, political, economic, [religious,] and social structures during the development of Rome. 1. Identify..."
California HSS Standards 1998.pdf,Religious,Religious,35,"28 GRADE SEVEN 7.2 Students analyze the geographic, political, economic, [religious,] and social structures of the civilizations of Islam in the..."
California HSS Standards 1998.pdf,Religious,Religious,35,"...art, and literature. 7.3 Students analyze the geographic, political, economic, [religious,] and social structures of the civilizations of China in the..."
California HSS Standards 1998.pdf,Religious,Religious,35,"...the scholar-official class. 7.4 Students analyze the geographic, political, economic, [religious,] and social struc­ tures of the sub-Saharan civilizations of Ghana..."
California HSS Standards 1998.pdf,Religious,Religious,36,...the role of the trans-Saharan caravan trade in the changing [religious] and cultural characteristics of West Africa and the influence of...
California HSS Standards 1998.pdf,Religious,Religious,36,"...history and culture. 7.5 Students analyze the geographic, political, economic, [religious,] and social structures of the civilizations of Medieval Japan. 1...."
California HSS Standards 1998.pdf,Religious,Religious,36,"...Japan’s proximity to China and Korea and the intellectual, linguistic, [religious,] and philosophical influence of those countries on Japan. 2. Discuss..."
California HSS Standards 1998.pdf,Religious,Religious,36,"...in that society. 7.6 Students analyze the geographic, political, economic, [religious,] and social structures of the civilizations of Medieval Europe. 1...."
California HSS Standards 1998.pdf,Religious,Religious,37,"...in England). 6. Discuss the causes and course of the [religious] Crusades and their effects on the Chris­ tian, Muslim, and..."
California HSS Standards 1998.pdf,Religious,Religious,37,"...spiritual roles of the clergy, creation of monastic and mendicant [religious] orders, preservation of the Latin language and religious texts, St...."
California HSS Standards 1998.pdf,Religious,Religious,37,"...and mendicant religious orders, preservation of the Latin language and [religious] texts, St. Thomas Aquinas’s synthesis of classical philosophy with Christian..."
California HSS Standards 1998.pdf,Religious,Religious,37,"...kingdoms. 7.7 Students compare and contrast the geographic, political, economic, [religious,] and social structures of the Meso-American and Andean civilizations. 1...."
California HSS Standards 1998.pdf,Religious,Religious,37,"...in each society, including class structures, family life, war­ fare, [religious] beliefs and practices, and slavery. 3. Explain how and where..."
California HSS Standards 1998.pdf,Religious,Religious,37,"...new interest in humanism (i.e., a balance between intellect and [religious] faith). California Department of Education Created May 18, 2000"
California HSS Standards 1998.pdf,Religious,Religious,38,"...and science, including how that cooperation was terminated by the [religious] persecution of individuals and groups (e.g., the Spanish Inquisition and..."
California HSS Standards 1998.pdf,Religious,Religious,38,"...developments of the Scientific Revolution and its lasting effect on [religious,] political, and cultural institutions. 1. Discuss the roots of the..."
California HSS Standards 1998.pdf,Religious,Religious,39,"...of democratic ideas, and the coexistence of science with traditional [religious] beliefs. 7.11 Students analyze political and economic change in the..."
California HSS Standards 1998.pdf,Religious,Religious,41,...the Constitution. 5. Understand the significance of Jefferson’s Statute for [Religious] Freedom as a forerunner of the First Amendment and the...
California HSS Standards 1998.pdf,Religious,Religious,43,"...education system from its earliest roots, including the roles of [religious] and private schools and Horace Mann’s campaign for free public..."
California HSS Standards 1998.pdf,Religious,Religious,43,"...effects on black Americans and on the region’s political, social, [religious,] economic, and cultural development; and identify the strategies that were..."
California HSS Standards 1998.pdf,Religious,Religious,53,"...of the regions, including political divisions and systems, key leaders, [religious] issues, natural features, resources, and population patterns. 3. Discuss the..."
California HSS Standards 1998.pdf,Religious,Religious,55,"...its lasting moral, social, and political impacts, and issues regarding [religious] liberty. 1. Describe the contributions of various religious groups to..."
California HSS Standards 1998.pdf,Religious,Religious,55,"...issues regarding religious liberty. 1. Describe the contributions of various [religious] groups to American civic principles and social reform movements (e.g.,..."
California HSS Standards 1998.pdf,Religious,Religious,55,"...and self-rule, worker protection, family-centered communities). 2. Analyze the great [religious] revivals and the leaders involved in them, including the First..."
California HSS Standards 1998.pdf,Religious,Religious,55,"...Christian funda­ mentalism in current times. 3. Cite incidences of [religious] intolerance in the United States (e.g., persecution of Mormons, anti-Catholic..."
California HSS Standards 1998.pdf,Religious,Religious,56,GRADE ELEVEN 49 4. Discuss the expanding [religious] pluralism in the United States and California that resulted from...
California HSS Standards 1998.pdf,Religious,Religious,56,...immigration in the twentieth century. 5. Describe the principles of [religious] liberty found in the Establishment and Free Exercise clauses of...
California HSS Standards 1998.pdf,Religious,Religious,62,"...society provides opportunities for individuals to associate for social, cultural, [religious,] economic, and political purposes. 2. Explain how civil society makes..."
California HSS Standards 1998.pdf,Religious,Religious,63,...GRADE TWELVE 3. Discuss the historical role of religion and [religious] diversity. 4. Compare the relationship of government and civil society...
Colorado 2020 Social Studies - Academic Standards.pdf,Religious,Religious,103,...the complexity of events throughout world history. For example: Inquiry/Analysis) [religious] rifts such as the Protestant Reformation and the Shiite/Sunni split...
Colorado 2020 Social Studies - Academic Standards.pdf,Religious,Religious,110,"...5. How are incentives influenced by values? For example: ethics, [religious] beliefs, cultural values. Students Can: a. Explain the economic way..."
Connecticu socialstudiesframeworks2015.pdf,Religious,Religious,17,"...people play within a family, people of diverse ethnic, racial, [religious,] and school, and community. national origins. Me, My Family, My..."
Connecticu socialstudiesframeworks2015.pdf,Religious,Religious,59,"...the South for jobs and improved climate) • Defining Regions [(religious] representations) Themes and regions are listed in a recommended order,..."
Connecticu socialstudiesframeworks2015.pdf,Religious,Religious,67,"...course of U.S. history for members of various racial, ethnic, [religious,] and gender minority groups? • Is America a land of..."
Connecticu socialstudiesframeworks2015.pdf,Religious,Religious,71,"...political, social and impact of cultural expression in colonial and [religious)] that lead people to leave Europe America, including art, literature,..."
Connecticu socialstudiesframeworks2015.pdf,Religious,Religious,74,"...including indigenous Americans; French, British, and Dutch colonists; women; and [religious] groups? Supporting Questions: • How were the colonies of Jamestown..."
Connecticu socialstudiesframeworks2015.pdf,Religious,Religious,76,"...laws and rules affect various groups including indigenous Americans, various [religious] groups, women, slaves, and others? • How were governments and..."
Connecticu socialstudiesframeworks2015.pdf,Religious,Religious,82,"...of People (child adoption program in China) • Defining Regions [(Religious] Representations: Christian, Buddhist, Muslim) Themes and regions are listed in..."
Connecticu socialstudiesframeworks2015.pdf,Religious,Religious,83,...States. Subcontinental Asia • Analyze how the physical geography and [religious] diversity of modern India and Pakistan contributes to the tension...
Connecticu socialstudiesframeworks2015.pdf,Religious,Religious,88,...different styles of government? • What powers and responsibilities do [religious] leaders have in nongovernmental leadership of Middle Eastern countries? •...
Connecticu socialstudiesframeworks2015.pdf,Religious,Religious,88,"...in governing areas of sub-Saharan Africa? • What role do [religious] leaders play in Middle Eastern governments? Processes, Rules and Laws..."
Connecticu socialstudiesframeworks2015.pdf,Religious,Religious,91,"...course of U.S. history for members of various racial, ethnic, [religious,] and gender minority groups? • Is America a land of..."
Connecticu socialstudiesframeworks2015.pdf,Religious,Religious,119,"...religion or ͳ Evaluate how the Scientific Revolution language. affected [religious,] political, and cultural • Analyze the factors that have contributed..."
Connecticu socialstudiesframeworks2015.pdf,Religious,Religious,121,"...Middle East have been brought on by competition over resources, [religious,] and ethnic differences. 117"
Connecticu socialstudiesframeworks2015.pdf,Religious,Religious,132,"...course of U.S. history for members of various racial, ethnic, [religious,] and gender minority groups? • Is America a land of..."
Connecticu socialstudiesframeworks2015.pdf,Religious,Religious,137,...in World Affairs • Investigate the occurrence of racial and [religious] • Evaluate the role of the United States in conflict...
Connecticu socialstudiesframeworks2015.pdf,Religious,Religious,150,"...program, or educational activity on the basis of race, color, [religious] creed, sex, age, national origin, ancestry, marital status, sexual orientation,..."
Arizon SS Standards 2019.pdf,Sacred,Sacred,32,"...Shintoism, Sikhism, and Taoism, (origins, founders, major tenets, practices, and [sacred] writings) • Classical civilizations such as Greek, Roman, Persian, and..."
Arizon SS Standards 2019.pdf,Sacred,Sacred,48,"...non-religious worldviews and ideologies (origins, founders, major tenets, practices, and [sacred] writings). Topics may include but are not limited to beliefs..."
Alabama-Course-of-Study-Social-Studies_2024pdf.pdf,Shinto,Shinto,80,"...politics. Examples: acceptance and suppression of Christianity, emergence of Confucian [Shinto,] influence of Zen Buddhism 16c Compare the policies of absolutism..."
Alabama-Course-of-Study-Social-Studies_2024pdf.pdf,Shintoism,Shintoism,76,"...Delhi Sultanate and spread of Islam; intertwining of Buddhism and [Shintoism] (shinbutsu shūgō); Khmer Empire and spread of Hindu, Buddhist, and..."
Arizon SS Standards 2019.pdf,Shintoism,Shintoism,32,"...but not limited to Buddhism, Christianity, Confucianism, Hinduism, Islam, Judaism, [Shintoism,] Sikhism, and Taoism, (origins, founders, major tenets, practices, and sacred..."
Arizon SS Standards 2019.pdf,Shintoism,Shintoism,35,"...world religions such as Buddhism, Christianity, Confucianism, Hinduism, Islam, Judaism, [Shintoism,] Sikhism, and Taoism ● 6.H3.3 Explain why communities, states, and..."
Arizon SS Standards 2019.pdf,Shintoism,Shintoism,48,"...but not limited to Buddhism, Christianity, Confucianism, Hinduism, Islam, Judaism, [Shintoism,] Sikhism, Taoism, and as well as non-religious worldviews and ideologies..."
Alabama-Course-of-Study-Social-Studies_2024pdf.pdf,Sikh,Sikh,144,"...and traditions. Examples: a dastār to symbolize piety in the [Sikh] faith, sacral architecture, sand mandala 4b Differentiate between material and..."
Alabama-Course-of-Study-Social-Studies_2024pdf.pdf,Spirit,Spirit,76,"...Europe and Central Asia. Examples: Filioque clause and the Holy [Spirit,] Great Schism (1054 CE), iconoclasm, spread to Russia 2b Evaluate..."
Alabama-Course-of-Study-Social-Studies_2024pdf.pdf,Spirit,Spirit,116,"...Hobbes, 1651), Two Treatises of Government (John Locke, 1689), The [Spirit] of the Laws (Montesquieu, 1748), The Social Contract (Jean-Jacques Rousseau,..."
California HSS Standards 1998.pdf,Spirit,Spirit,5,...of citizenship. events presented within a chronological and In that [spirit] the standards proceed geographic context. chronologically and call attention to...
Alabama-Course-of-Study-Social-Studies_2024pdf.pdf,Spiritual,Spiritual,96,"...African traditions and created their own unique culture, including foodways, [spiritual] beliefs, and ceremonies. Examples: Gullah, hush harbors, jumping the broom,..."
California HSS Standards 1998.pdf,Spiritual,Spiritual,37,"...intellectual, and aesthetic institution (e.g., founding of universities, political and [spiritual] roles of the clergy, creation of monastic and mendicant religious..."
Colorado 2020 Social Studies - Academic Standards.pdf,Sunni,Sunni,103,"...Inquiry/Analysis) religious rifts such as the Protestant Reformation and the [Shiite/Sunni] split 2. Apply knowledge and skills to implement sophisticated, appropriate,..."
Arizon SS Standards 2019.pdf,Taoism,Taoism,32,"...to Buddhism, Christianity, Confucianism, Hinduism, Islam, Judaism, Shintoism, Sikhism, and [Taoism,] (origins, founders, major tenets, practices, and sacred writings) • Classical..."
Arizon SS Standards 2019.pdf,Taoism,Taoism,35,"...as Buddhism, Christianity, Confucianism, Hinduism, Islam, Judaism, Shintoism, Sikhism, and [Taoism] ● 6.H3.3 Explain why communities, states, and nations have different..."
Arizon SS Standards 2019.pdf,Taoism,Taoism,48,"...limited to Buddhism, Christianity, Confucianism, Hinduism, Islam, Judaism, Shintoism, Sikhism, [Taoism,] and as well as non-religious worldviews and ideologies (origins, founders,..."
California HSS Standards 1998.pdf,Taoism,Taoism,33,...life of Confucius and the fundamental teachings of Confucianism and [Taoism.] 4. Identify the political and cultural problems prevalent in the...
Colorado 2020 Social Studies - Academic Standards.pdf,Taoism,Taoism,103,"...and expansion of Buddhism, Christianity, Hinduism, Islam, Judaism, Sikhism, and [Taoism.] f. Investigate the historical development and impact of major scientific..."
California HSS Standards 1998.pdf,Temple,Temple,31,"...rest of Israel after the destruc­ tion of the second [Temple] in A.D. 70. California Department of Education Created May 18,..."
Arizon SS Standards 2019.pdf,Theocracy,Theocracy,36,"...War ● Government and economic systems such as monarchy, dictatorship, [theocracy,] oligarchy, aristocracy, democracy, constitutional republic, anarchy, and capitalism, socialism, and..."
Alabama-Course-of-Study-Social-Studies_2024pdf.pdf,Values,Values,4,"...recognize their obligation to Eric G. Mackey uphold America’s guiding [values] as they enter college, Secretary and Executive Officer career, and..."
Alabama-Course-of-Study-Social-Studies_2024pdf.pdf,Values,Values,11,...issues of today and tomorrow ● Upholding the principles and [values] of their constitutional republic The Alabama Course of Study Committee...
Alabama-Course-of-Study-Social-Studies_2024pdf.pdf,Values,Values,28,"...The content encourages students to develop an appreciation of shared [values] that promote respect for the United States’ government, its people,..."
Alabama-Course-of-Study-Social-Studies_2024pdf.pdf,Values,Values,55,"...United States and its civic foundations. Students investigate the fundamental [values] and principles of the events, philosophies, and individuals that shaped..."
Alabama-Course-of-Study-Social-Studies_2024pdf.pdf,Values,Values,61,"...groups and individuals seeking greater inclusion and advancement of fundamental [values] in the late 1700s, including women and Black Americans, who..."
Alabama-Course-of-Study-Social-Studies_2024pdf.pdf,Values,Values,134,Sociology SELF AND SOCIALIZATION 4 Explain how [values] and norms influence individual behavior.* 4a Describe ways in which...
Arizon SS Standards 2019.pdf,Values,Values,12,"...key components of the American political system. ● K.C1.1 Apply [values] of respect, responsibility, equality, and fairness within schools and communities...."
Arizon SS Standards 2019.pdf,Values,Values,14,"...key components of the American political system. ● 1.C1.1 Apply [values] of respect, responsibility, equality, and fairness as a member of..."
Arizon SS Standards 2019.pdf,Values,Values,33,"...and responsibilities ● 6.C2.1 Analyze the beliefs, experiences, perspectives, and [values] that underlie points of view regarding civic issues in the..."
Arizon SS Standards 2019.pdf,Values,Values,45,"...• Civil Liberties and Civil Rights • American political culture, [values,] and principles that are basic to American constitutional democracy and..."
California HSS Standards 1998.pdf,Values,Values,6,"...and detailed guidance for day-to-day events by revealing the ideas, [values,] fears, instruction and lesson plans. Teachers and dreams of the..."
California HSS Standards 1998.pdf,Values,Values,36,"...society and family life during his reign. 3. Describe the [values,] social customs, and traditions prescribed by the lord-vassal system consisting..."
California HSS Standards 1998.pdf,Values,Values,47,...complicated and affects not only technology and politics but also [values] and beliefs. 3. Students use a variety of maps and...
California HSS Standards 1998.pdf,Values,Values,48,"...unfolded rather than solely in terms of present-day norms and [values.] 4. Students understand the meaning, implication, and impact of historical..."
California HSS Standards 1998.pdf,Values,Values,51,"...3. Understand the widespread disillusionment with prewar institutions, authorities, and [values] that resulted in a void that was later filled by..."
California HSS Standards 1998.pdf,Values,Values,61,...American Democracy 12.1 Students explain the fundamental principles and moral [values] of American democracy as expressed in the U.S. Constitution and...
California HSS Standards 1998.pdf,Values,Values,62,"...evaluate and take and defend positions on what the fundamental [values] and principles of civil society are (i.e., the autonomous sphere..."
California HSS Standards 1998.pdf,Values,Values,62,"...government), their interdependence, and the meaning and importance of those [values] and principles for a free society. 1. Explain how civil..."
Colorado 2020 Social Studies - Academic Standards.pdf,Values,Values,19,...on something 2. Determine how to spend money depending on [values] and choices. you want versus something you need. (Personal Skills:...
Colorado 2020 Social Studies - Academic Standards.pdf,Values,Values,45,"...public matters. 1. Appropriately express one’s own emotions, thoughts, and [values] and Disciplinary, Information, and Media Literacy: identify how they influence..."
Colorado 2020 Social Studies - Academic Standards.pdf,Values,Values,58,...and 7. Use technology to efficiently and effectively access information. [values] that underlie their own and others’ points of view about...
Colorado 2020 Social Studies - Academic Standards.pdf,Values,Values,62,"...and d. Explain important political, social, economic, and military developments [values?] leading to and during the American Revolution. 3. To what..."
Colorado 2020 Social Studies - Academic Standards.pdf,Values,Values,67,"...investments, and loans. 2. Express one’s own emotions, thoughts, and [values] and identify how they Disciplinary, Information, and Media Literacy: influence..."
Colorado 2020 Social Studies - Academic Standards.pdf,Values,Values,70,"...to support analysis of primary and secondary messages differently, how [values] and points of view are included or sources excluded, and..."
Colorado 2020 Social Studies - Academic Standards.pdf,Values,Values,78,"...regulations, nations; and markets are damaged by drought, differently, how [values] and points of view are included or excluded, and earthquakes..."
Colorado 2020 Social Studies - Academic Standards.pdf,Values,Values,79,"...global society. 1. Examine how individuals interpret messages differently, how [values] and 3. Civic-minded individuals demonstrate how different forms of government..."
Colorado 2020 Social Studies - Academic Standards.pdf,Values,Values,81,"...Skills: interpretations. 1. Examine how individuals interpret messages differently, how [values] and Disciplinary, Information, and Media Literacy: points of view are..."
Colorado 2020 Social Studies - Academic Standards.pdf,Values,Values,90,...and class during this time 1. How have the basic [values] and principles of American democracy changed period and the impact...
Colorado 2020 Social Studies - Academic Standards.pdf,Values,Values,110,"...these resources. Evidence Outcomes 5. How are incentives influenced by [values?] For example: ethics, religious beliefs, cultural values. Students Can: a...."
Colorado 2020 Social Studies - Academic Standards.pdf,Values,Values,110,"...incentives influenced by values? For example: ethics, religious beliefs, cultural [values.] Students Can: a. Explain the economic way of thinking: the..."
Colorado 2020 Social Studies - Academic Standards.pdf,Values,Values,117,"...tolerance, part of a lifetime comprehensive financial plan. and personal [values] at different life stages. 2. Financially capable individuals carefully consider..."
Colorado 2020 Social Studies - Academic Standards.pdf,Values,Values,122,...the origins of the government and their relationship to democratic [values.] structures of America’s governmental institutions. (Entrepreneurial Skills: c. Analyze and...
Colorado 2020 Social Studies - Academic Standards.pdf,Values,Values,122,"...of democracy and the Critical Thinking/Problem Solving) inherent competition among [values.] For example: freedom and security, 3. Apply knowledge of government..."
Connecticu socialstudiesframeworks2015.pdf,Values,Values,27,"...(schools, parks, town hall, stores, community center). Democratic Principles and [Values] • Identify key American democratic principles and values such as..."
Connecticu socialstudiesframeworks2015.pdf,Values,Values,27,"...Principles and Values • Identify key American democratic principles and [values] such as liberty, freedom, justice, and equality. Connecting the Past..."
Connecticu socialstudiesframeworks2015.pdf,Values,Values,30,"...communities to which I belong? Supporting Questions: • What civic [values] are important in my school and community (e.g., honesty, mutual..."
Connecticu socialstudiesframeworks2015.pdf,Values,Values,37,"...used to influence and change society, commitment to the democratic [values] of equality, including art, literature, music, film, dance, and justice,..."
Connecticu socialstudiesframeworks2015.pdf,Values,Values,37,"...meetings) and in the community (e.g., vote, Democratic Principles and [Values] write letters, march, join organizations, donate • Identify key American..."
Connecticu socialstudiesframeworks2015.pdf,Values,Values,37,"...• Identify key American democratic principles money, teach, protest). and [values] such as liberty, freedom, justice, and equality. Rights and Responsibilities..."
Connecticu socialstudiesframeworks2015.pdf,Values,Values,37,...• Examine the lives of people who have promoted and [values] influence how and why people make the common good including...
Connecticu socialstudiesframeworks2015.pdf,Values,Values,52,"...and communities. CIV 3.5 Identify the beliefs, experiences, perspectives, and [values] that underlie their own and others’ points of view about..."
Connecticu socialstudiesframeworks2015.pdf,Values,Values,64,...do if federal law is opposed to the beliefs and [values] of the region? ECONOMICS Economic Decision-Making ECO 4.1 Compare the...
Connecticu socialstudiesframeworks2015.pdf,Values,Values,109,...Explain how the American political system provides • Describe the [values] and principles that are for choice and opportunities for participation....
Connecticu socialstudiesframeworks2015.pdf,Values,Values,120,"...of political instability in China. • Evaluate the political beliefs, [values,] and actions • World War I of various peoples and..."
Connecticu socialstudiesframeworks2015.pdf,Values,Values,136,"...dream” has changed and how various groups character, ideals, and [values] of the peoples of have endeavored to reach this goal..."
Connecticu socialstudiesframeworks2015.pdf,Values,Values,143,...decisions to enter global and regional conflicts today? • What [values] has America traditionally defended in the global arena? Have these...
Connecticu socialstudiesframeworks2015.pdf,Values,Values,143,...has America traditionally defended in the global arena? Have these [values] been compromised in dealings with some countries? • How does...
